report_code,label,year,view,status,n_values,message
db4e8d42e1234a75bd03d430c31feb2f,ปิรามิดประชากรจำแนกเพศ กลุ่มอายุ,2565,provider,ok,63,
db4e8d42e1234a75bd03d430c31feb2f,ปิรามิดประชากรจำแนกเพศ กลุ่มอายุ,2566,provider,ok,63,
db4e8d42e1234a75bd03d430c31feb2f,ปิรามิดประชากรจำแนกเพศ กลุ่มอายุ,2567,provider,ok,63,
db4e8d42e1234a75bd03d430c31feb2f,ปิรามิดประชากรจำแนกเพศ กลุ่มอายุ,2568,provider,ok,63,
db4e8d42e1234a75bd03d430c31feb2f,ปิรามิดประชากรจำแนกเพศ กลุ่มอายุ,2569,provider,ok,60,
710884bc8d16f755073cf194970b064a,ประชากรจำแนกเพศ กลุ่มอายุรายปี,2565,provider,ok,69,
710884bc8d16f755073cf194970b064a,ประชากรจำแนกเพศ กลุ่มอายุรายปี,2566,provider,ok,69,
710884bc8d16f755073cf194970b064a,ประชากรจำแนกเพศ กลุ่มอายุรายปี,2567,provider,ok,69,
710884bc8d16f755073cf194970b064a,ประชากรจำแนกเพศ กลุ่มอายุรายปี,2568,provider,ok,69,
710884bc8d16f755073cf194970b064a,ประชากรจำแนกเพศ กลุ่มอายุรายปี,2569,provider,ok,69,
71d636a9831a5265111e3216ae8b2d1e,ประชากรต่างด้าว จำแนกเพศ กลุ่มอายุรายปี,2565,provider,empty,0,
71d636a9831a5265111e3216ae8b2d1e,ประชากรต่างด้าว จำแนกเพศ กลุ่มอายุรายปี,2566,provider,empty,0,
71d636a9831a5265111e3216ae8b2d1e,ประชากรต่างด้าว จำแนกเพศ กลุ่มอายุรายปี,2567,provider,empty,0,
71d636a9831a5265111e3216ae8b2d1e,ประชากรต่างด้าว จำแนกเพศ กลุ่มอายุรายปี,2568,provider,empty,0,
71d636a9831a5265111e3216ae8b2d1e,ประชากรต่างด้าว จำแนกเพศ กลุ่มอายุรายปี,2569,provider,empty,0,
09cf07164c9b7cfbfe724bee8c6b20c3,ประชากรทะเบียนราษฏร์ ย้อนหลัง 3 ปี,2565,province,ok,9,
09cf07164c9b7cfbfe724bee8c6b20c3,ประชากรทะเบียนราษฏร์ ย้อนหลัง 3 ปี,2566,province,ok,9,
09cf07164c9b7cfbfe724bee8c6b20c3,ประชากรทะเบียนราษฏร์ ย้อนหลัง 3 ปี,2567,province,ok,9,
09cf07164c9b7cfbfe724bee8c6b20c3,ประชากรทะเบียนราษฏร์ ย้อนหลัง 3 ปี,2568,province,ok,9,
09cf07164c9b7cfbfe724bee8c6b20c3,ประชากรทะเบียนราษฏร์ ย้อนหลัง 3 ปี,2569,province,ok,9,
f83d0cd8b830706dab4cd3cb09afa584,ประชากรทะเบียนราษฎร์ จำแนกรายอายุและเพศ,2565,moo,ok,2926,
f83d0cd8b830706dab4cd3cb09afa584,ประชากรทะเบียนราษฎร์ จำแนกรายอายุและเพศ,2566,moo,ok,2926,
f83d0cd8b830706dab4cd3cb09afa584,ประชากรทะเบียนราษฎร์ จำแนกรายอายุและเพศ,2567,moo,ok,2926,
f83d0cd8b830706dab4cd3cb09afa584,ประชากรทะเบียนราษฎร์ จำแนกรายอายุและเพศ,2568,moo,ok,2926,
f83d0cd8b830706dab4cd3cb09afa584,ประชากรทะเบียนราษฎร์ จำแนกรายอายุและเพศ,2569,moo,ok,2926,
b79d2503134f09e13681be97491753cf,ประชากรสัญชาติไทย PERSON เทียบกับฐานทะเบียนราษฏร์,2565,moo,ok,98,
b79d2503134f09e13681be97491753cf,ประชากรสัญชาติไทย PERSON เทียบกับฐานทะเบียนราษฏร์,2566,moo,ok,98,
b79d2503134f09e13681be97491753cf,ประชากรสัญชาติไทย PERSON เทียบกับฐานทะเบียนราษฏร์,2567,moo,ok,98,
b79d2503134f09e13681be97491753cf,ประชากรสัญชาติไทย PERSON เทียบกับฐานทะเบียนราษฏร์,2568,moo,ok,98,
b79d2503134f09e13681be97491753cf,ประชากรสัญชาติไทย PERSON เทียบกับฐานทะเบียนราษฏร์,2569,moo,ok,98,
cb4e5a2990d327d0789a7301e4259b95,ประชากรแยกตามหน่วยบริการและชนิดการอยู่อาศัย TYPEAREA,2565,provider,ok,10,
cb4e5a2990d327d0789a7301e4259b95,ประชากรแยกตามหน่วยบริการและชนิดการอยู่อาศัย TYPEAREA,2566,provider,ok,10,
cb4e5a2990d327d0789a7301e4259b95,ประชากรแยกตามหน่วยบริการและชนิดการอยู่อาศัย TYPEAREA,2567,provider,ok,10,
cb4e5a2990d327d0789a7301e4259b95,ประชากรแยกตามหน่วยบริการและชนิดการอยู่อาศัย TYPEAREA,2568,provider,ok,10,
cb4e5a2990d327d0789a7301e4259b95,ประชากรแยกตามหน่วยบริการและชนิดการอยู่อาศัย TYPEAREA,2569,provider,ok,10,
67c3037f24c14781b03159583f5b7a58,จำนวนหน่วยบริการสังกัดสำนักงานปลัดกระทรวงสาธารณสุข จำแนกตามระดับของสถานพยาบาล,2565,tambon,empty,0,
67c3037f24c14781b03159583f5b7a58,จำนวนหน่วยบริการสังกัดสำนักงานปลัดกระทรวงสาธารณสุข จำแนกตามระดับของสถานพยาบาล,2566,tambon,empty,0,
67c3037f24c14781b03159583f5b7a58,จำนวนหน่วยบริการสังกัดสำนักงานปลัดกระทรวงสาธารณสุข จำแนกตามระดับของสถานพยาบาล,2567,tambon,empty,0,
67c3037f24c14781b03159583f5b7a58,จำนวนหน่วยบริการสังกัดสำนักงานปลัดกระทรวงสาธารณสุข จำแนกตามระดับของสถานพยาบาล,2568,tambon,empty,0,
67c3037f24c14781b03159583f5b7a58,จำนวนหน่วยบริการสังกัดสำนักงานปลัดกระทรวงสาธารณสุข จำแนกตามระดับของสถานพยาบาล,2569,tambon,empty,0,
6fd3d41f3f0321dd5394bee0cbace615,จำนวนหน่วยบริการ จำแนกตามระดับ Service Plan,2565,moo,empty,0,
6fd3d41f3f0321dd5394bee0cbace615,จำนวนหน่วยบริการ จำแนกตามระดับ Service Plan,2566,moo,empty,0,
6fd3d41f3f0321dd5394bee0cbace615,จำนวนหน่วยบริการ จำแนกตามระดับ Service Plan,2567,moo,empty,0,
6fd3d41f3f0321dd5394bee0cbace615,จำนวนหน่วยบริการ จำแนกตามระดับ Service Plan,2568,moo,empty,0,
6fd3d41f3f0321dd5394bee0cbace615,จำนวนหน่วยบริการ จำแนกตามระดับ Service Plan,2569,moo,empty,0,
e65455dd6a4186d4a31e896e5b747436,จำนวนโรงเรียน/สถานศึกษา จำแนกตามสังกัด,2565,provider,error,0,502 Cannot read properties of undefined (reading 'query')
e65455dd6a4186d4a31e896e5b747436,จำนวนโรงเรียน/สถานศึกษา จำแนกตามสังกัด,2566,provider,error,0,502 Cannot read properties of undefined (reading 'query')
e65455dd6a4186d4a31e896e5b747436,จำนวนโรงเรียน/สถานศึกษา จำแนกตามสังกัด,2567,provider,error,0,502 Cannot read properties of undefined (reading 'query')
e65455dd6a4186d4a31e896e5b747436,จำนวนโรงเรียน/สถานศึกษา จำแนกตามสังกัด,2568,provider,error,0,502 Cannot read properties of undefined (reading 'query')
e65455dd6a4186d4a31e896e5b747436,จำนวนโรงเรียน/สถานศึกษา จำแนกตามสังกัด,2569,provider,error,0,502 Cannot read properties of undefined (reading 'query')
3b7ed7f476af9f437f3aa9a581f5fe92,จำนวนนักเรียน จำแนกตามโรงเรียน/สถานศึกษา ประเภท และสังกัด,2565,province,ok,4,
3b7ed7f476af9f437f3aa9a581f5fe92,จำนวนนักเรียน จำแนกตามโรงเรียน/สถานศึกษา ประเภท และสังกัด,2566,province,empty,0,
3b7ed7f476af9f437f3aa9a581f5fe92,จำนวนนักเรียน จำแนกตามโรงเรียน/สถานศึกษา ประเภท และสังกัด,2567,province,empty,0,
3b7ed7f476af9f437f3aa9a581f5fe92,จำนวนนักเรียน จำแนกตามโรงเรียน/สถานศึกษา ประเภท และสังกัด,2568,province,empty,0,
3b7ed7f476af9f437f3aa9a581f5fe92,จำนวนนักเรียน จำแนกตามโรงเรียน/สถานศึกษา ประเภท และสังกัด,2569,province,empty,0,
66b37209a9a606f8aaaf8f05bf59e1ad,จำนวนนักเรียนสำหรับงานอนามัยโรงเรียน รายชั้นปี จำแนก ชาย/หญิง,2565,zone,error,0,502 Cannot read properties of undefined (reading 'query')
66b37209a9a606f8aaaf8f05bf59e1ad,จำนวนนักเรียนสำหรับงานอนามัยโรงเรียน รายชั้นปี จำแนก ชาย/หญิง,2566,zone,error,0,502 Cannot read properties of undefined (reading 'query')
66b37209a9a606f8aaaf8f05bf59e1ad,จำนวนนักเรียนสำหรับงานอนามัยโรงเรียน รายชั้นปี จำแนก ชาย/หญิง,2567,zone,error,0,502 Cannot read properties of undefined (reading 'query')
66b37209a9a606f8aaaf8f05bf59e1ad,จำนวนนักเรียนสำหรับงานอนามัยโรงเรียน รายชั้นปี จำแนก ชาย/หญิง,2568,zone,error,0,502 Cannot read properties of undefined (reading 'query')
66b37209a9a606f8aaaf8f05bf59e1ad,จำนวนนักเรียนสำหรับงานอนามัยโรงเรียน รายชั้นปี จำแนก ชาย/หญิง,2569,zone,error,0,502 Cannot read properties of undefined (reading 'query')
a67e3b25eb4c286985b5a7898f4290ea,ร้อยละของโรงเรียน/สถานศึกษาตามงานอนามัยโรงเรียน ที่เชื่อมโยงข้อมูลหน่วยบริการสาธารณสุขเรียบร้อยแล้ว,2565,provider,ok,3,
a67e3b25eb4c286985b5a7898f4290ea,ร้อยละของโรงเรียน/สถานศึกษาตามงานอนามัยโรงเรียน ที่เชื่อมโยงข้อมูลหน่วยบริการสาธารณสุขเรียบร้อยแล้ว,2566,provider,empty,0,
a67e3b25eb4c286985b5a7898f4290ea,ร้อยละของโรงเรียน/สถานศึกษาตามงานอนามัยโรงเรียน ที่เชื่อมโยงข้อมูลหน่วยบริการสาธารณสุขเรียบร้อยแล้ว,2567,provider,empty,0,
a67e3b25eb4c286985b5a7898f4290ea,ร้อยละของโรงเรียน/สถานศึกษาตามงานอนามัยโรงเรียน ที่เชื่อมโยงข้อมูลหน่วยบริการสาธารณสุขเรียบร้อยแล้ว,2568,provider,empty,0,
a67e3b25eb4c286985b5a7898f4290ea,ร้อยละของโรงเรียน/สถานศึกษาตามงานอนามัยโรงเรียน ที่เชื่อมโยงข้อมูลหน่วยบริการสาธารณสุขเรียบร้อยแล้ว,2569,provider,empty,0,
f346e9d449b04c07cc80edeefc0cc360,อัตราป่วยรายใหม่ของผู้ป่วยโรคหัวใจและหลอดเลือด  (Cardiovascular disease),2565,provider,ok,15,
f346e9d449b04c07cc80edeefc0cc360,อัตราป่วยรายใหม่ของผู้ป่วยโรคหัวใจและหลอดเลือด  (Cardiovascular disease),2566,provider,ok,15,
f346e9d449b04c07cc80edeefc0cc360,อัตราป่วยรายใหม่ของผู้ป่วยโรคหัวใจและหลอดเลือด  (Cardiovascular disease),2567,provider,ok,15,
f346e9d449b04c07cc80edeefc0cc360,อัตราป่วยรายใหม่ของผู้ป่วยโรคหัวใจและหลอดเลือด  (Cardiovascular disease),2568,provider,ok,15,
f346e9d449b04c07cc80edeefc0cc360,อัตราป่วยรายใหม่ของผู้ป่วยโรคหัวใจและหลอดเลือด  (Cardiovascular disease),2569,provider,ok,15,
14f43de323e8ba70da1cb724cf64a98c,อัตราป่วยด้วยโรคหัวใจและหลอดเลือดต่อประชากร  (Cardiovascular disease),2565,provider,ok,18,
14f43de323e8ba70da1cb724cf64a98c,อัตราป่วยด้วยโรคหัวใจและหลอดเลือดต่อประชากร  (Cardiovascular disease),2566,provider,ok,18,
14f43de323e8ba70da1cb724cf64a98c,อัตราป่วยด้วยโรคหัวใจและหลอดเลือดต่อประชากร  (Cardiovascular disease),2567,provider,ok,18,
14f43de323e8ba70da1cb724cf64a98c,อัตราป่วยด้วยโรคหัวใจและหลอดเลือดต่อประชากร  (Cardiovascular disease),2568,provider,ok,18,
14f43de323e8ba70da1cb724cf64a98c,อัตราป่วยด้วยโรคหัวใจและหลอดเลือดต่อประชากร  (Cardiovascular disease),2569,provider,ok,18,
e2a5a66dd74fa1252fcf786674f05f02,จำนวนผู้ป่วยตายโรคหัวใจและหลอดเลือด (Cardiovascular disease),2565,provider,ok,18,
e2a5a66dd74fa1252fcf786674f05f02,จำนวนผู้ป่วยตายโรคหัวใจและหลอดเลือด (Cardiovascular disease),2566,provider,ok,18,
e2a5a66dd74fa1252fcf786674f05f02,จำนวนผู้ป่วยตายโรคหัวใจและหลอดเลือด (Cardiovascular disease),2567,provider,ok,18,
e2a5a66dd74fa1252fcf786674f05f02,จำนวนผู้ป่วยตายโรคหัวใจและหลอดเลือด (Cardiovascular disease),2568,provider,ok,18,
e2a5a66dd74fa1252fcf786674f05f02,จำนวนผู้ป่วยตายโรคหัวใจและหลอดเลือด (Cardiovascular disease),2569,provider,ok,18,
29eec762c9591d1f8092da14c7462361,อัตราป่วยรายใหม่ของโรคความดันโลหิตสูงต่อแสนประชากรในปีงบประมาณ,2565,provider,ok,15,
29eec762c9591d1f8092da14c7462361,อัตราป่วยรายใหม่ของโรคความดันโลหิตสูงต่อแสนประชากรในปีงบประมาณ,2566,provider,ok,15,
29eec762c9591d1f8092da14c7462361,อัตราป่วยรายใหม่ของโรคความดันโลหิตสูงต่อแสนประชากรในปีงบประมาณ,2567,provider,ok,15,
29eec762c9591d1f8092da14c7462361,อัตราป่วยรายใหม่ของโรคความดันโลหิตสูงต่อแสนประชากรในปีงบประมาณ,2568,provider,ok,15,
29eec762c9591d1f8092da14c7462361,อัตราป่วยรายใหม่ของโรคความดันโลหิตสูงต่อแสนประชากรในปีงบประมาณ,2569,provider,ok,15,
6b9af46d0cc1830d3bd34589c1081c68,อัตราป่วยด้วยโรคความดันโลหิตสูงต่อประชากร,2565,provider,ok,18,
6b9af46d0cc1830d3bd34589c1081c68,อัตราป่วยด้วยโรคความดันโลหิตสูงต่อประชากร,2566,provider,ok,18,
6b9af46d0cc1830d3bd34589c1081c68,อัตราป่วยด้วยโรคความดันโลหิตสูงต่อประชากร,2567,provider,ok,18,
6b9af46d0cc1830d3bd34589c1081c68,อัตราป่วยด้วยโรคความดันโลหิตสูงต่อประชากร,2568,provider,ok,18,
6b9af46d0cc1830d3bd34589c1081c68,อัตราป่วยด้วยโรคความดันโลหิตสูงต่อประชากร,2569,provider,ok,18,
e46c73b57c9eeb2f07759a9e9bc50fb3,อัตราการป่วยตายด้วยโรคความดันโลหิตสูง,2565,provider,ok,18,
e46c73b57c9eeb2f07759a9e9bc50fb3,อัตราการป่วยตายด้วยโรคความดันโลหิตสูง,2566,provider,ok,18,
e46c73b57c9eeb2f07759a9e9bc50fb3,อัตราการป่วยตายด้วยโรคความดันโลหิตสูง,2567,provider,ok,18,
e46c73b57c9eeb2f07759a9e9bc50fb3,อัตราการป่วยตายด้วยโรคความดันโลหิตสูง,2568,provider,ok,18,
e46c73b57c9eeb2f07759a9e9bc50fb3,อัตราการป่วยตายด้วยโรคความดันโลหิตสูง,2569,provider,ok,18,
3092c3c3250ae67155f7e134680c4152,อัตราการป่วยด้วยโรคหลอดเลือดสมอง,2565,provider,ok,18,
3092c3c3250ae67155f7e134680c4152,อัตราการป่วยด้วยโรคหลอดเลือดสมอง,2566,provider,ok,18,
3092c3c3250ae67155f7e134680c4152,อัตราการป่วยด้วยโรคหลอดเลือดสมอง,2567,provider,ok,18,
3092c3c3250ae67155f7e134680c4152,อัตราการป่วยด้วยโรคหลอดเลือดสมอง,2568,provider,ok,18,
3092c3c3250ae67155f7e134680c4152,อัตราการป่วยด้วยโรคหลอดเลือดสมอง,2569,provider,ok,18,
eeeab22e386d32e7f5f5ecefebce0001,อัตราป่วยรายใหม่ของโรคเบาหวานต่อแสนประชากรในปีงบประมาณ,2565,provider,ok,15,
eeeab22e386d32e7f5f5ecefebce0001,อัตราป่วยรายใหม่ของโรคเบาหวานต่อแสนประชากรในปีงบประมาณ,2566,provider,ok,15,
eeeab22e386d32e7f5f5ecefebce0001,อัตราป่วยรายใหม่ของโรคเบาหวานต่อแสนประชากรในปีงบประมาณ,2567,provider,ok,15,
eeeab22e386d32e7f5f5ecefebce0001,อัตราป่วยรายใหม่ของโรคเบาหวานต่อแสนประชากรในปีงบประมาณ,2568,provider,ok,15,
eeeab22e386d32e7f5f5ecefebce0001,อัตราป่วยรายใหม่ของโรคเบาหวานต่อแสนประชากรในปีงบประมาณ,2569,provider,ok,15,
cefa42b9223ec4d1969c5ce18d762bdd,อัตราการป่วยด้วยโรคเบาหวาน,2565,provider,ok,18,
cefa42b9223ec4d1969c5ce18d762bdd,อัตราการป่วยด้วยโรคเบาหวาน,2566,provider,ok,18,
cefa42b9223ec4d1969c5ce18d762bdd,อัตราการป่วยด้วยโรคเบาหวาน,2567,provider,ok,18,
cefa42b9223ec4d1969c5ce18d762bdd,อัตราการป่วยด้วยโรคเบาหวาน,2568,provider,ok,18,
cefa42b9223ec4d1969c5ce18d762bdd,อัตราการป่วยด้วยโรคเบาหวาน,2569,provider,ok,18,
589248f2516fbb85d4a4a5605c3ca1c4,อัตราการป่วยตายด้วยโรคเบาหวาน,2565,provider,ok,18,
589248f2516fbb85d4a4a5605c3ca1c4,อัตราการป่วยตายด้วยโรคเบาหวาน,2566,provider,ok,18,
589248f2516fbb85d4a4a5605c3ca1c4,อัตราการป่วยตายด้วยโรคเบาหวาน,2567,provider,ok,18,
589248f2516fbb85d4a4a5605c3ca1c4,อัตราการป่วยตายด้วยโรคเบาหวาน,2568,provider,ok,18,
589248f2516fbb85d4a4a5605c3ca1c4,อัตราการป่วยตายด้วยโรคเบาหวาน,2569,provider,ok,18,
62cdb786f231afbaaaaaac1d5ff844b0,อัตราป่วยรายใหม่ของโรคปอดอุดกั้นเรื้อรัง,2565,provider,ok,15,
62cdb786f231afbaaaaaac1d5ff844b0,อัตราป่วยรายใหม่ของโรคปอดอุดกั้นเรื้อรัง,2566,provider,ok,15,
62cdb786f231afbaaaaaac1d5ff844b0,อัตราป่วยรายใหม่ของโรคปอดอุดกั้นเรื้อรัง,2567,provider,ok,15,
62cdb786f231afbaaaaaac1d5ff844b0,อัตราป่วยรายใหม่ของโรคปอดอุดกั้นเรื้อรัง,2568,provider,ok,15,
62cdb786f231afbaaaaaac1d5ff844b0,อัตราป่วยรายใหม่ของโรคปอดอุดกั้นเรื้อรัง,2569,provider,ok,15,
33b1c30a4652927ac32fee24e8906170,อัตราการป่วยด้วยโรคปอดอุดกั้นเรื้อรัง,2565,provider,ok,18,
33b1c30a4652927ac32fee24e8906170,อัตราการป่วยด้วยโรคปอดอุดกั้นเรื้อรัง,2566,provider,ok,18,
33b1c30a4652927ac32fee24e8906170,อัตราการป่วยด้วยโรคปอดอุดกั้นเรื้อรัง,2567,provider,ok,18,
33b1c30a4652927ac32fee24e8906170,อัตราการป่วยด้วยโรคปอดอุดกั้นเรื้อรัง,2568,provider,ok,18,
33b1c30a4652927ac32fee24e8906170,อัตราการป่วยด้วยโรคปอดอุดกั้นเรื้อรัง,2569,provider,ok,18,
3bcec2a91eb03924f0b2714a85ee5b95,อัตราการป่วยตายด้วยโรคปอดอุดกั้นเรื้อรัง,2565,provider,ok,18,
3bcec2a91eb03924f0b2714a85ee5b95,อัตราการป่วยตายด้วยโรคปอดอุดกั้นเรื้อรัง,2566,provider,ok,18,
3bcec2a91eb03924f0b2714a85ee5b95,อัตราการป่วยตายด้วยโรคปอดอุดกั้นเรื้อรัง,2567,provider,ok,18,
3bcec2a91eb03924f0b2714a85ee5b95,อัตราการป่วยตายด้วยโรคปอดอุดกั้นเรื้อรัง,2568,provider,ok,18,
3bcec2a91eb03924f0b2714a85ee5b95,อัตราการป่วยตายด้วยโรคปอดอุดกั้นเรื้อรัง,2569,provider,ok,18,
265ac83b975fa7dbb13e6e3375314623,อัตราผู้ป่วยโรคถุงลมโป่งพองต่อประชากร,2565,provider,ok,18,
265ac83b975fa7dbb13e6e3375314623,อัตราผู้ป่วยโรคถุงลมโป่งพองต่อประชากร,2566,provider,ok,18,
265ac83b975fa7dbb13e6e3375314623,อัตราผู้ป่วยโรคถุงลมโป่งพองต่อประชากร,2567,provider,ok,18,
265ac83b975fa7dbb13e6e3375314623,อัตราผู้ป่วยโรคถุงลมโป่งพองต่อประชากร,2568,provider,ok,18,
265ac83b975fa7dbb13e6e3375314623,อัตราผู้ป่วยโรคถุงลมโป่งพองต่อประชากร,2569,provider,ok,18,
825c7fbfdbde936cf821a9b16dc4189b,อัตราป่วยโรคมะเร็งเต้านมต่อประชากร,2565,provider,ok,18,
825c7fbfdbde936cf821a9b16dc4189b,อัตราป่วยโรคมะเร็งเต้านมต่อประชากร,2566,provider,ok,18,
825c7fbfdbde936cf821a9b16dc4189b,อัตราป่วยโรคมะเร็งเต้านมต่อประชากร,2567,provider,ok,18,
825c7fbfdbde936cf821a9b16dc4189b,อัตราป่วยโรคมะเร็งเต้านมต่อประชากร,2568,provider,ok,18,
825c7fbfdbde936cf821a9b16dc4189b,อัตราป่วยโรคมะเร็งเต้านมต่อประชากร,2569,provider,ok,18,
cc87b3c4d8148e441447a387c3e070af,อัตราป่วยโรคมะเร็งปอดต่อประชากร,2565,provider,ok,18,
cc87b3c4d8148e441447a387c3e070af,อัตราป่วยโรคมะเร็งปอดต่อประชากร,2566,provider,ok,18,
cc87b3c4d8148e441447a387c3e070af,อัตราป่วยโรคมะเร็งปอดต่อประชากร,2567,provider,ok,18,
cc87b3c4d8148e441447a387c3e070af,อัตราป่วยโรคมะเร็งปอดต่อประชากร,2568,provider,ok,18,
cc87b3c4d8148e441447a387c3e070af,อัตราป่วยโรคมะเร็งปอดต่อประชากร,2569,provider,ok,18,
f3a9cabcd1b83af2ad8d8db6d9b6735c,อัตราป่วยโรคมะเร็งปากมดลูกต่อประชากร,2565,provider,ok,18,
f3a9cabcd1b83af2ad8d8db6d9b6735c,อัตราป่วยโรคมะเร็งปากมดลูกต่อประชากร,2566,provider,ok,18,
f3a9cabcd1b83af2ad8d8db6d9b6735c,อัตราป่วยโรคมะเร็งปากมดลูกต่อประชากร,2567,provider,ok,18,
f3a9cabcd1b83af2ad8d8db6d9b6735c,อัตราป่วยโรคมะเร็งปากมดลูกต่อประชากร,2568,provider,ok,18,
f3a9cabcd1b83af2ad8d8db6d9b6735c,อัตราป่วยโรคมะเร็งปากมดลูกต่อประชากร,2569,provider,ok,18,
672d5ed26be10f6862593da30364201d,อัตราผู้ป่วยรายใหม่จากโรคหลอดเลือดหัวใจลดลง,2565,provider,ok,7,
672d5ed26be10f6862593da30364201d,อัตราผู้ป่วยรายใหม่จากโรคหลอดเลือดหัวใจลดลง,2566,provider,ok,7,
672d5ed26be10f6862593da30364201d,อัตราผู้ป่วยรายใหม่จากโรคหลอดเลือดหัวใจลดลง,2567,provider,ok,7,
672d5ed26be10f6862593da30364201d,อัตราผู้ป่วยรายใหม่จากโรคหลอดเลือดหัวใจลดลง,2568,provider,ok,7,
672d5ed26be10f6862593da30364201d,อัตราผู้ป่วยรายใหม่จากโรคหลอดเลือดหัวใจลดลง,2569,provider,ok,7,
a7dfd5a2bb045c08129446ca192091bd,อัตราป่วยรายใหม่ของโรคหืด,2565,provider,ok,15,
a7dfd5a2bb045c08129446ca192091bd,อัตราป่วยรายใหม่ของโรคหืด,2566,provider,ok,15,
a7dfd5a2bb045c08129446ca192091bd,อัตราป่วยรายใหม่ของโรคหืด,2567,provider,ok,15,
a7dfd5a2bb045c08129446ca192091bd,อัตราป่วยรายใหม่ของโรคหืด,2568,provider,ok,15,
a7dfd5a2bb045c08129446ca192091bd,อัตราป่วยรายใหม่ของโรคหืด,2569,provider,ok,15,
65fdb98bca9c344737fcb1fd4b64e9e5,สาเหตุการป่วยของผู้ป่วยนอกตามกลุ่มโรค10 อันดับแรก,2565,provider,ok,90,
65fdb98bca9c344737fcb1fd4b64e9e5,สาเหตุการป่วยของผู้ป่วยนอกตามกลุ่มโรค10 อันดับแรก,2566,provider,ok,90,
65fdb98bca9c344737fcb1fd4b64e9e5,สาเหตุการป่วยของผู้ป่วยนอกตามกลุ่มโรค10 อันดับแรก,2567,provider,ok,90,
65fdb98bca9c344737fcb1fd4b64e9e5,สาเหตุการป่วยของผู้ป่วยนอกตามกลุ่มโรค10 อันดับแรก,2568,provider,ok,90,
65fdb98bca9c344737fcb1fd4b64e9e5,สาเหตุการป่วยของผู้ป่วยนอกตามกลุ่มโรค10 อันดับแรก,2569,provider,ok,90,
958df49d2e1975eafa7f0a8d9bb7663f,สาเหตุการป่วยของผู้ป่วยนอกตามกลุ่มโรค10 อันดับแรก ในกลุ่มอายุน้อยกว่าเท่ากับ 15 ปี,2565,provider,ok,90,
958df49d2e1975eafa7f0a8d9bb7663f,สาเหตุการป่วยของผู้ป่วยนอกตามกลุ่มโรค10 อันดับแรก ในกลุ่มอายุน้อยกว่าเท่ากับ 15 ปี,2566,provider,ok,90,
958df49d2e1975eafa7f0a8d9bb7663f,สาเหตุการป่วยของผู้ป่วยนอกตามกลุ่มโรค10 อันดับแรก ในกลุ่มอายุน้อยกว่าเท่ากับ 15 ปี,2567,provider,ok,90,
958df49d2e1975eafa7f0a8d9bb7663f,สาเหตุการป่วยของผู้ป่วยนอกตามกลุ่มโรค10 อันดับแรก ในกลุ่มอายุน้อยกว่าเท่ากับ 15 ปี,2568,provider,ok,90,
958df49d2e1975eafa7f0a8d9bb7663f,สาเหตุการป่วยของผู้ป่วยนอกตามกลุ่มโรค10 อันดับแรก ในกลุ่มอายุน้อยกว่าเท่ากับ 15 ปี,2569,provider,empty,0,
87af734bc7575ecba528b7c9dba063bb,สาเหตุการป่วยของผู้ป่วยในตามกลุ่มโรค10 อันดับแรก,2565,provider,empty,0,
87af734bc7575ecba528b7c9dba063bb,สาเหตุการป่วยของผู้ป่วยในตามกลุ่มโรค10 อันดับแรก,2566,provider,empty,0,
87af734bc7575ecba528b7c9dba063bb,สาเหตุการป่วยของผู้ป่วยในตามกลุ่มโรค10 อันดับแรก,2567,provider,empty,0,
87af734bc7575ecba528b7c9dba063bb,สาเหตุการป่วยของผู้ป่วยในตามกลุ่มโรค10 อันดับแรก,2568,provider,empty,0,
87af734bc7575ecba528b7c9dba063bb,สาเหตุการป่วยของผู้ป่วยในตามกลุ่มโรค10 อันดับแรก,2569,provider,empty,0,
e9203cf0744a3056e5852697e40de86e,สาเหตุการป่วยของผู้ป่วยในตามกลุ่มโรค10 อันดับแรก ในกลุ่มอายุน้อยกว่าเท่ากับ 15 ปี,2565,provider,ok,90,
e9203cf0744a3056e5852697e40de86e,สาเหตุการป่วยของผู้ป่วยในตามกลุ่มโรค10 อันดับแรก ในกลุ่มอายุน้อยกว่าเท่ากับ 15 ปี,2566,provider,ok,90,
e9203cf0744a3056e5852697e40de86e,สาเหตุการป่วยของผู้ป่วยในตามกลุ่มโรค10 อันดับแรก ในกลุ่มอายุน้อยกว่าเท่ากับ 15 ปี,2567,provider,ok,90,
e9203cf0744a3056e5852697e40de86e,สาเหตุการป่วยของผู้ป่วยในตามกลุ่มโรค10 อันดับแรก ในกลุ่มอายุน้อยกว่าเท่ากับ 15 ปี,2568,provider,ok,90,
e9203cf0744a3056e5852697e40de86e,สาเหตุการป่วยของผู้ป่วยในตามกลุ่มโรค10 อันดับแรก ในกลุ่มอายุน้อยกว่าเท่ากับ 15 ปี,2569,provider,empty,0,
8881445af732eb166fa2470ba5046956,สาเหตุการตาย 10 อันดับแรก,2565,provider,ok,40,
8881445af732eb166fa2470ba5046956,สาเหตุการตาย 10 อันดับแรก,2566,provider,ok,40,
8881445af732eb166fa2470ba5046956,สาเหตุการตาย 10 อันดับแรก,2567,provider,ok,40,
8881445af732eb166fa2470ba5046956,สาเหตุการตาย 10 อันดับแรก,2568,provider,ok,40,
8881445af732eb166fa2470ba5046956,สาเหตุการตาย 10 อันดับแรก,2569,provider,ok,40,
14cf673fd923e1add94091612c61cfd5,สาเหตุการตาย 10 อันดับแรก ในกลุ่มอายุน้อยกว่าเท่ากับ 15 ปี,2565,provider,ok,40,
14cf673fd923e1add94091612c61cfd5,สาเหตุการตาย 10 อันดับแรก ในกลุ่มอายุน้อยกว่าเท่ากับ 15 ปี,2566,provider,ok,40,
14cf673fd923e1add94091612c61cfd5,สาเหตุการตาย 10 อันดับแรก ในกลุ่มอายุน้อยกว่าเท่ากับ 15 ปี,2567,provider,ok,40,
14cf673fd923e1add94091612c61cfd5,สาเหตุการตาย 10 อันดับแรก ในกลุ่มอายุน้อยกว่าเท่ากับ 15 ปี,2568,provider,ok,4,
14cf673fd923e1add94091612c61cfd5,สาเหตุการตาย 10 อันดับแรก ในกลุ่มอายุน้อยกว่าเท่ากับ 15 ปี,2569,provider,empty,0,
b4ea22252bb533f3f9225dfcab83d43a,รายงานการตายตาม 298 กลุ่มโรค(hospital base),2565,provider,ok,138,
b4ea22252bb533f3f9225dfcab83d43a,รายงานการตายตาม 298 กลุ่มโรค(hospital base),2566,provider,ok,178,
b4ea22252bb533f3f9225dfcab83d43a,รายงานการตายตาม 298 กลุ่มโรค(hospital base),2567,provider,ok,202,
b4ea22252bb533f3f9225dfcab83d43a,รายงานการตายตาม 298 กลุ่มโรค(hospital base),2568,provider,empty,0,
b4ea22252bb533f3f9225dfcab83d43a,รายงานการตายตาม 298 กลุ่มโรค(hospital base),2569,provider,empty,0,
456bd894231700173a89544c1de3c9bf,อัตราการเสียชีวิตจากการจมน้ำของเด็กอายุต่ากว่า 15 ปี,2565,provider,ok,15,
456bd894231700173a89544c1de3c9bf,อัตราการเสียชีวิตจากการจมน้ำของเด็กอายุต่ากว่า 15 ปี,2566,provider,ok,15,
456bd894231700173a89544c1de3c9bf,อัตราการเสียชีวิตจากการจมน้ำของเด็กอายุต่ากว่า 15 ปี,2567,provider,ok,15,
456bd894231700173a89544c1de3c9bf,อัตราการเสียชีวิตจากการจมน้ำของเด็กอายุต่ากว่า 15 ปี,2568,provider,ok,15,
456bd894231700173a89544c1de3c9bf,อัตราการเสียชีวิตจากการจมน้ำของเด็กอายุต่ากว่า 15 ปี,2569,provider,ok,15,
0acbbb84a5c774c129dfc849a742d766,อัตราตายทารกแรกเกิด อายุน้อยกว่าหรือเท่ากับ 28 วัน,2565,provider,ok,3,
0acbbb84a5c774c129dfc849a742d766,อัตราตายทารกแรกเกิด อายุน้อยกว่าหรือเท่ากับ 28 วัน,2566,provider,ok,3,
0acbbb84a5c774c129dfc849a742d766,อัตราตายทารกแรกเกิด อายุน้อยกว่าหรือเท่ากับ 28 วัน,2567,provider,ok,3,
0acbbb84a5c774c129dfc849a742d766,อัตราตายทารกแรกเกิด อายุน้อยกว่าหรือเท่ากับ 28 วัน,2568,provider,ok,3,
0acbbb84a5c774c129dfc849a742d766,อัตราตายทารกแรกเกิด อายุน้อยกว่าหรือเท่ากับ 28 วัน,2569,provider,ok,3,
6f43c3e9d6dc13a7b685e5af88923c4a,"อัตราทารกที่เป็นโรคโลหิตจางธาลัสซีเมียต่อประชากร 1,000 คน",2565,provider,ok,3,
6f43c3e9d6dc13a7b685e5af88923c4a,"อัตราทารกที่เป็นโรคโลหิตจางธาลัสซีเมียต่อประชากร 1,000 คน",2566,provider,ok,3,
6f43c3e9d6dc13a7b685e5af88923c4a,"อัตราทารกที่เป็นโรคโลหิตจางธาลัสซีเมียต่อประชากร 1,000 คน",2567,provider,ok,3,
6f43c3e9d6dc13a7b685e5af88923c4a,"อัตราทารกที่เป็นโรคโลหิตจางธาลัสซีเมียต่อประชากร 1,000 คน",2568,provider,ok,3,
6f43c3e9d6dc13a7b685e5af88923c4a,"อัตราทารกที่เป็นโรคโลหิตจางธาลัสซีเมียต่อประชากร 1,000 คน",2569,provider,ok,3,
Twfd175Rp8TCPca8n5GTK,อัตราตายด้วยกลุ่มโรคที่เกิดจากน้ำ การสุขาภิบาลและสุขลักษณะที่ไม่ปลอดภัย,2565,provider,error,0,500 
Twfd175Rp8TCPca8n5GTK,อัตราตายด้วยกลุ่มโรคที่เกิดจากน้ำ การสุขาภิบาลและสุขลักษณะที่ไม่ปลอดภัย,2566,provider,error,0,500 
Twfd175Rp8TCPca8n5GTK,อัตราตายด้วยกลุ่มโรคที่เกิดจากน้ำ การสุขาภิบาลและสุขลักษณะที่ไม่ปลอดภัย,2567,provider,error,0,500 
Twfd175Rp8TCPca8n5GTK,อัตราตายด้วยกลุ่มโรคที่เกิดจากน้ำ การสุขาภิบาลและสุขลักษณะที่ไม่ปลอดภัย,2568,provider,ok,168,
Twfd175Rp8TCPca8n5GTK,อัตราตายด้วยกลุ่มโรคที่เกิดจากน้ำ การสุขาภิบาลและสุขลักษณะที่ไม่ปลอดภัย,2569,provider,ok,168,
MZ1y0MFDMQZdaGXIJ,อัตราป่วยด้วยกลุ่มโรคที่เกิดจากน้ำ การสุขาภิบาลและสุขลักษณะที่ไม่ปลอดภัย,2565,provider,error,0,500 
MZ1y0MFDMQZdaGXIJ,อัตราป่วยด้วยกลุ่มโรคที่เกิดจากน้ำ การสุขาภิบาลและสุขลักษณะที่ไม่ปลอดภัย,2566,provider,error,0,500 
MZ1y0MFDMQZdaGXIJ,อัตราป่วยด้วยกลุ่มโรคที่เกิดจากน้ำ การสุขาภิบาลและสุขลักษณะที่ไม่ปลอดภัย,2567,provider,error,0,500 
MZ1y0MFDMQZdaGXIJ,อัตราป่วยด้วยกลุ่มโรคที่เกิดจากน้ำ การสุขาภิบาลและสุขลักษณะที่ไม่ปลอดภัย,2568,provider,error,0,502 Cannot read properties of undefined (reading 'query')
MZ1y0MFDMQZdaGXIJ,อัตราป่วยด้วยกลุ่มโรคที่เกิดจากน้ำ การสุขาภิบาลและสุขลักษณะที่ไม่ปลอดภัย,2569,provider,error,0,502 Cannot read properties of undefined (reading 'query')
9eeb99bcea8aa161d0b32131605553ac,อัตราป่วยโรคระบบทางเดินหายใจที่ระบุว่าเกิดจากมลพิษสิ่งแวดล้อม Y97,2565,moo,ok,210,
9eeb99bcea8aa161d0b32131605553ac,อัตราป่วยโรคระบบทางเดินหายใจที่ระบุว่าเกิดจากมลพิษสิ่งแวดล้อม Y97,2566,moo,ok,210,
9eeb99bcea8aa161d0b32131605553ac,อัตราป่วยโรคระบบทางเดินหายใจที่ระบุว่าเกิดจากมลพิษสิ่งแวดล้อม Y97,2567,moo,ok,210,
9eeb99bcea8aa161d0b32131605553ac,อัตราป่วยโรคระบบทางเดินหายใจที่ระบุว่าเกิดจากมลพิษสิ่งแวดล้อม Y97,2568,moo,ok,210,
9eeb99bcea8aa161d0b32131605553ac,อัตราป่วยโรคระบบทางเดินหายใจที่ระบุว่าเกิดจากมลพิษสิ่งแวดล้อม Y97,2569,moo,ok,210,
cd6e8f475b0ab7756404d12dd8bb2aed,อัตราป่วยโรคเรื้อรังของทางเดินหายใจส่วนล่างที่ระบุว่าเกิดจากมลพิษสิ่งแวดล้อม Y97,2565,moo,ok,210,
cd6e8f475b0ab7756404d12dd8bb2aed,อัตราป่วยโรคเรื้อรังของทางเดินหายใจส่วนล่างที่ระบุว่าเกิดจากมลพิษสิ่งแวดล้อม Y97,2566,moo,ok,210,
cd6e8f475b0ab7756404d12dd8bb2aed,อัตราป่วยโรคเรื้อรังของทางเดินหายใจส่วนล่างที่ระบุว่าเกิดจากมลพิษสิ่งแวดล้อม Y97,2567,moo,ok,210,
cd6e8f475b0ab7756404d12dd8bb2aed,อัตราป่วยโรคเรื้อรังของทางเดินหายใจส่วนล่างที่ระบุว่าเกิดจากมลพิษสิ่งแวดล้อม Y97,2568,moo,ok,210,
cd6e8f475b0ab7756404d12dd8bb2aed,อัตราป่วยโรคเรื้อรังของทางเดินหายใจส่วนล่างที่ระบุว่าเกิดจากมลพิษสิ่งแวดล้อม Y97,2569,moo,ok,210,
90896cde087b4969e5f7216894288515,อัตราป่วยโรคหัวใจขาดเลือดที่ระบุว่าเกิดจากมลพิษสิ่งแวดล้อม Y97,2565,moo,ok,210,
90896cde087b4969e5f7216894288515,อัตราป่วยโรคหัวใจขาดเลือดที่ระบุว่าเกิดจากมลพิษสิ่งแวดล้อม Y97,2566,moo,ok,210,
90896cde087b4969e5f7216894288515,อัตราป่วยโรคหัวใจขาดเลือดที่ระบุว่าเกิดจากมลพิษสิ่งแวดล้อม Y97,2567,moo,ok,210,
90896cde087b4969e5f7216894288515,อัตราป่วยโรคหัวใจขาดเลือดที่ระบุว่าเกิดจากมลพิษสิ่งแวดล้อม Y97,2568,moo,ok,210,
90896cde087b4969e5f7216894288515,อัตราป่วยโรคหัวใจขาดเลือดที่ระบุว่าเกิดจากมลพิษสิ่งแวดล้อม Y97,2569,moo,ok,210,
4b35d96e225bf34a16774b13705250f4,อัตราการใช้บริการผู้ป่วยนอก จำแนกกลุ่มสิทธิ (ครั้งต่อคนต่อปี),2565,provider,ok,24,
4b35d96e225bf34a16774b13705250f4,อัตราการใช้บริการผู้ป่วยนอก จำแนกกลุ่มสิทธิ (ครั้งต่อคนต่อปี),2566,provider,ok,24,
4b35d96e225bf34a16774b13705250f4,อัตราการใช้บริการผู้ป่วยนอก จำแนกกลุ่มสิทธิ (ครั้งต่อคนต่อปี),2567,provider,ok,24,
4b35d96e225bf34a16774b13705250f4,อัตราการใช้บริการผู้ป่วยนอก จำแนกกลุ่มสิทธิ (ครั้งต่อคนต่อปี),2568,provider,ok,24,
4b35d96e225bf34a16774b13705250f4,อัตราการใช้บริการผู้ป่วยนอก จำแนกกลุ่มสิทธิ (ครั้งต่อคนต่อปี),2569,provider,ok,24,
aebf36f508889ee1ecba12cd56159956,อัตราการใช้บริการผู้ป่วยใน จำแนกกลุ่มสิทธิ (วันต่อคน),2565,provider,ok,24,
aebf36f508889ee1ecba12cd56159956,อัตราการใช้บริการผู้ป่วยใน จำแนกกลุ่มสิทธิ (วันต่อคน),2566,provider,ok,24,
aebf36f508889ee1ecba12cd56159956,อัตราการใช้บริการผู้ป่วยใน จำแนกกลุ่มสิทธิ (วันต่อคน),2567,provider,ok,24,
aebf36f508889ee1ecba12cd56159956,อัตราการใช้บริการผู้ป่วยใน จำแนกกลุ่มสิทธิ (วันต่อคน),2568,provider,ok,24,
aebf36f508889ee1ecba12cd56159956,อัตราการใช้บริการผู้ป่วยใน จำแนกกลุ่มสิทธิ (วันต่อคน),2569,provider,ok,24,
92a705c26f22754d7462e9f742436b6f,อัตราการใช้บริการผู้ป่วยนอก ทุกสิทธิ (ครั้งต่อคนต่อปี) รายเดือน,2565,provider,ok,16,
92a705c26f22754d7462e9f742436b6f,อัตราการใช้บริการผู้ป่วยนอก ทุกสิทธิ (ครั้งต่อคนต่อปี) รายเดือน,2566,provider,ok,16,
92a705c26f22754d7462e9f742436b6f,อัตราการใช้บริการผู้ป่วยนอก ทุกสิทธิ (ครั้งต่อคนต่อปี) รายเดือน,2567,provider,ok,16,
92a705c26f22754d7462e9f742436b6f,อัตราการใช้บริการผู้ป่วยนอก ทุกสิทธิ (ครั้งต่อคนต่อปี) รายเดือน,2568,provider,ok,16,
92a705c26f22754d7462e9f742436b6f,อัตราการใช้บริการผู้ป่วยนอก ทุกสิทธิ (ครั้งต่อคนต่อปี) รายเดือน,2569,provider,ok,16,
39afb27f0e1256396e6a972716d20e2e,อัตราการใช้บริการผู้ป่วยใน ทุกสิทธิ รายเดือน (วันต่อคนและอัตราครองเตียง),2565,provider,ok,67,
39afb27f0e1256396e6a972716d20e2e,อัตราการใช้บริการผู้ป่วยใน ทุกสิทธิ รายเดือน (วันต่อคนและอัตราครองเตียง),2566,provider,ok,67,
39afb27f0e1256396e6a972716d20e2e,อัตราการใช้บริการผู้ป่วยใน ทุกสิทธิ รายเดือน (วันต่อคนและอัตราครองเตียง),2567,provider,ok,67,
39afb27f0e1256396e6a972716d20e2e,อัตราการใช้บริการผู้ป่วยใน ทุกสิทธิ รายเดือน (วันต่อคนและอัตราครองเตียง),2568,provider,ok,67,
39afb27f0e1256396e6a972716d20e2e,อัตราการใช้บริการผู้ป่วยใน ทุกสิทธิ รายเดือน (วันต่อคนและอัตราครองเตียง),2569,provider,ok,67,
c8a139305c94a90d7b4a65cef5c8d8e7,อัตราการใช้บริการผู้ป่วยนอกของประชากรไทย (ครั้งต่อคนต่อปี),2565,zone,error,0,502 syntax error at end of input
c8a139305c94a90d7b4a65cef5c8d8e7,อัตราการใช้บริการผู้ป่วยนอกของประชากรไทย (ครั้งต่อคนต่อปี),2566,zone,error,0,502 syntax error at end of input
c8a139305c94a90d7b4a65cef5c8d8e7,อัตราการใช้บริการผู้ป่วยนอกของประชากรไทย (ครั้งต่อคนต่อปี),2567,zone,error,0,502 syntax error at end of input
c8a139305c94a90d7b4a65cef5c8d8e7,อัตราการใช้บริการผู้ป่วยนอกของประชากรไทย (ครั้งต่อคนต่อปี),2568,zone,error,0,502 syntax error at end of input
c8a139305c94a90d7b4a65cef5c8d8e7,อัตราการใช้บริการผู้ป่วยนอกของประชากรไทย (ครั้งต่อคนต่อปี),2569,zone,error,0,502 syntax error at end of input
be74f26c4e773f13f6076d7e901324b3,อัตราการใช้บริการผู้ป่วยในของประชากรไทย (วันต่อคน),2565,provider,empty,0,
be74f26c4e773f13f6076d7e901324b3,อัตราการใช้บริการผู้ป่วยในของประชากรไทย (วันต่อคน),2566,provider,empty,0,
be74f26c4e773f13f6076d7e901324b3,อัตราการใช้บริการผู้ป่วยในของประชากรไทย (วันต่อคน),2567,provider,empty,0,
be74f26c4e773f13f6076d7e901324b3,อัตราการใช้บริการผู้ป่วยในของประชากรไทย (วันต่อคน),2568,provider,empty,0,
be74f26c4e773f13f6076d7e901324b3,อัตราการใช้บริการผู้ป่วยในของประชากรไทย (วันต่อคน),2569,provider,empty,0,
38e40477e601acfba24653ceb9021cd3,รายงานการส่งต่อระหว่างสถานพยาบาล,2565,provider,ok,60,
38e40477e601acfba24653ceb9021cd3,รายงานการส่งต่อระหว่างสถานพยาบาล,2566,provider,ok,60,
38e40477e601acfba24653ceb9021cd3,รายงานการส่งต่อระหว่างสถานพยาบาล,2567,provider,ok,60,
38e40477e601acfba24653ceb9021cd3,รายงานการส่งต่อระหว่างสถานพยาบาล,2568,provider,ok,60,
38e40477e601acfba24653ceb9021cd3,รายงานการส่งต่อระหว่างสถานพยาบาล,2569,provider,ok,60,
38e40477e601acfba24653ceb9021cd4,ร้อยละการส่งต่อผู้ป่วยนอกเขตสุขภาพลดลง,2565,zone,error,0,500 
38e40477e601acfba24653ceb9021cd4,ร้อยละการส่งต่อผู้ป่วยนอกเขตสุขภาพลดลง,2566,zone,error,0,500 
38e40477e601acfba24653ceb9021cd4,ร้อยละการส่งต่อผู้ป่วยนอกเขตสุขภาพลดลง,2567,zone,error,0,500 
38e40477e601acfba24653ceb9021cd4,ร้อยละการส่งต่อผู้ป่วยนอกเขตสุขภาพลดลง,2568,zone,error,0,500 
38e40477e601acfba24653ceb9021cd4,ร้อยละการส่งต่อผู้ป่วยนอกเขตสุขภาพลดลง,2569,zone,error,0,500 
e4a6299a408fe53ba1ce003e22240d7b,รายงานอุบัติเหตุทางถนน,2565,zone,error,0,"502 column ""z.zonecode"" must appear in the GROUP BY clause or be used in an aggregate function"
e4a6299a408fe53ba1ce003e22240d7b,รายงานอุบัติเหตุทางถนน,2566,zone,error,0,"502 column ""z.zonecode"" must appear in the GROUP BY clause or be used in an aggregate function"
e4a6299a408fe53ba1ce003e22240d7b,รายงานอุบัติเหตุทางถนน,2567,zone,error,0,"502 column ""z.zonecode"" must appear in the GROUP BY clause or be used in an aggregate function"
e4a6299a408fe53ba1ce003e22240d7b,รายงานอุบัติเหตุทางถนน,2568,zone,error,0,"502 column ""z.zonecode"" must appear in the GROUP BY clause or be used in an aggregate function"
e4a6299a408fe53ba1ce003e22240d7b,รายงานอุบัติเหตุทางถนน,2569,zone,error,0,"502 column ""z.zonecode"" must appear in the GROUP BY clause or be used in an aggregate function"
3f97a68cfb9dd74428d94a08ceb59c0e,รายงานอุบัติเหตุทางถนน จำแนกตามสถานที่เกิดเหตุและประเภทผู้บาดเจ็บ,2565,zone,error,0,"502 column ""z.zonecode"" must appear in the GROUP BY clause or be used in an aggregate function"
3f97a68cfb9dd74428d94a08ceb59c0e,รายงานอุบัติเหตุทางถนน จำแนกตามสถานที่เกิดเหตุและประเภทผู้บาดเจ็บ,2566,zone,error,0,"502 column ""z.zonecode"" must appear in the GROUP BY clause or be used in an aggregate function"
3f97a68cfb9dd74428d94a08ceb59c0e,รายงานอุบัติเหตุทางถนน จำแนกตามสถานที่เกิดเหตุและประเภทผู้บาดเจ็บ,2567,zone,error,0,"502 column ""z.zonecode"" must appear in the GROUP BY clause or be used in an aggregate function"
3f97a68cfb9dd74428d94a08ceb59c0e,รายงานอุบัติเหตุทางถนน จำแนกตามสถานที่เกิดเหตุและประเภทผู้บาดเจ็บ,2568,zone,error,0,"502 column ""z.zonecode"" must appear in the GROUP BY clause or be used in an aggregate function"
3f97a68cfb9dd74428d94a08ceb59c0e,รายงานอุบัติเหตุทางถนน จำแนกตามสถานที่เกิดเหตุและประเภทผู้บาดเจ็บ,2569,zone,error,0,"502 column ""z.zonecode"" must appear in the GROUP BY clause or be used in an aggregate function"
fa7fcf7f29cb374f6c4ee6e86b114200,รายงานอุบัติเหตุทางถนน จำแนกตามประเภทยานพาหนะที่เกิดเหตุ,2565,zone,error,0,"502 column ""z.zonecode"" must appear in the GROUP BY clause or be used in an aggregate function"
fa7fcf7f29cb374f6c4ee6e86b114200,รายงานอุบัติเหตุทางถนน จำแนกตามประเภทยานพาหนะที่เกิดเหตุ,2566,zone,error,0,"502 column ""z.zonecode"" must appear in the GROUP BY clause or be used in an aggregate function"
fa7fcf7f29cb374f6c4ee6e86b114200,รายงานอุบัติเหตุทางถนน จำแนกตามประเภทยานพาหนะที่เกิดเหตุ,2567,zone,error,0,"502 column ""z.zonecode"" must appear in the GROUP BY clause or be used in an aggregate function"
fa7fcf7f29cb374f6c4ee6e86b114200,รายงานอุบัติเหตุทางถนน จำแนกตามประเภทยานพาหนะที่เกิดเหตุ,2568,zone,error,0,"502 column ""z.zonecode"" must appear in the GROUP BY clause or be used in an aggregate function"
fa7fcf7f29cb374f6c4ee6e86b114200,รายงานอุบัติเหตุทางถนน จำแนกตามประเภทยานพาหนะที่เกิดเหตุ,2569,zone,error,0,"502 column ""z.zonecode"" must appear in the GROUP BY clause or be used in an aggregate function"
45055c550ef5587953ff9d7924034cd0,รายงานอุบัติเหตุทางถนน จำแนกตามปัจจัยเสี่ยง,2565,zone,error,0,"502 column ""z.zonecode"" must appear in the GROUP BY clause or be used in an aggregate function"
45055c550ef5587953ff9d7924034cd0,รายงานอุบัติเหตุทางถนน จำแนกตามปัจจัยเสี่ยง,2566,zone,error,0,"502 column ""z.zonecode"" must appear in the GROUP BY clause or be used in an aggregate function"
45055c550ef5587953ff9d7924034cd0,รายงานอุบัติเหตุทางถนน จำแนกตามปัจจัยเสี่ยง,2567,zone,error,0,"502 column ""z.zonecode"" must appear in the GROUP BY clause or be used in an aggregate function"
45055c550ef5587953ff9d7924034cd0,รายงานอุบัติเหตุทางถนน จำแนกตามปัจจัยเสี่ยง,2568,zone,error,0,"502 column ""z.zonecode"" must appear in the GROUP BY clause or be used in an aggregate function"
45055c550ef5587953ff9d7924034cd0,รายงานอุบัติเหตุทางถนน จำแนกตามปัจจัยเสี่ยง,2569,zone,error,0,"502 column ""z.zonecode"" must appear in the GROUP BY clause or be used in an aggregate function"
4709220e55ae6c91c872e08b4ac2498c,"อัตราการเสียชีวิตของผู้ป่วยวิกฤตฉุกเฉิน (triage level 1) ภายใน 24 ชั่วโมง ในโรงพยาบาลระดับ A, S, M1 (ทั้งที่ ER และ Admit) น้อยกว่าร้อยละ 12",2565,provider,ok,15,
4709220e55ae6c91c872e08b4ac2498c,"อัตราการเสียชีวิตของผู้ป่วยวิกฤตฉุกเฉิน (triage level 1) ภายใน 24 ชั่วโมง ในโรงพยาบาลระดับ A, S, M1 (ทั้งที่ ER และ Admit) น้อยกว่าร้อยละ 12",2566,provider,ok,15,
4709220e55ae6c91c872e08b4ac2498c,"อัตราการเสียชีวิตของผู้ป่วยวิกฤตฉุกเฉิน (triage level 1) ภายใน 24 ชั่วโมง ในโรงพยาบาลระดับ A, S, M1 (ทั้งที่ ER และ Admit) น้อยกว่าร้อยละ 12",2567,provider,ok,15,
4709220e55ae6c91c872e08b4ac2498c,"อัตราการเสียชีวิตของผู้ป่วยวิกฤตฉุกเฉิน (triage level 1) ภายใน 24 ชั่วโมง ในโรงพยาบาลระดับ A, S, M1 (ทั้งที่ ER และ Admit) น้อยกว่าร้อยละ 12",2568,provider,ok,15,
4709220e55ae6c91c872e08b4ac2498c,"อัตราการเสียชีวิตของผู้ป่วยวิกฤตฉุกเฉิน (triage level 1) ภายใน 24 ชั่วโมง ในโรงพยาบาลระดับ A, S, M1 (ทั้งที่ ER และ Admit) น้อยกว่าร้อยละ 12",2569,provider,ok,15,
36203bcbf14fbe8f1906497ae8f5c0a5,รายงานจำนวนผู้เข้ารับการบำบัดบุหรี่/ผู้ดื่มเครื่องดื่มแอลกอฮอล์ ในสถานบริการ,2565,zone,error,0,"502 column ""z.zonecode"" must appear in the GROUP BY clause or be used in an aggregate function"
36203bcbf14fbe8f1906497ae8f5c0a5,รายงานจำนวนผู้เข้ารับการบำบัดบุหรี่/ผู้ดื่มเครื่องดื่มแอลกอฮอล์ ในสถานบริการ,2566,zone,error,0,"502 column ""z.zonecode"" must appear in the GROUP BY clause or be used in an aggregate function"
36203bcbf14fbe8f1906497ae8f5c0a5,รายงานจำนวนผู้เข้ารับการบำบัดบุหรี่/ผู้ดื่มเครื่องดื่มแอลกอฮอล์ ในสถานบริการ,2567,zone,error,0,"502 column ""z.zonecode"" must appear in the GROUP BY clause or be used in an aggregate function"
36203bcbf14fbe8f1906497ae8f5c0a5,รายงานจำนวนผู้เข้ารับการบำบัดบุหรี่/ผู้ดื่มเครื่องดื่มแอลกอฮอล์ ในสถานบริการ,2568,zone,error,0,"502 column ""z.zonecode"" must appear in the GROUP BY clause or be used in an aggregate function"
36203bcbf14fbe8f1906497ae8f5c0a5,รายงานจำนวนผู้เข้ารับการบำบัดบุหรี่/ผู้ดื่มเครื่องดื่มแอลกอฮอล์ ในสถานบริการ,2569,zone,error,0,"502 column ""z.zonecode"" must appear in the GROUP BY clause or be used in an aggregate function"
76e909d7af59d6ddc3fe11ebe25dad4d,โรคติดเชื้อระบบทางเดินหายใจที่สำคัญ (รายวัน),2565,provider,ok,64,
76e909d7af59d6ddc3fe11ebe25dad4d,โรคติดเชื้อระบบทางเดินหายใจที่สำคัญ (รายวัน),2566,provider,ok,64,
76e909d7af59d6ddc3fe11ebe25dad4d,โรคติดเชื้อระบบทางเดินหายใจที่สำคัญ (รายวัน),2567,provider,ok,64,
76e909d7af59d6ddc3fe11ebe25dad4d,โรคติดเชื้อระบบทางเดินหายใจที่สำคัญ (รายวัน),2568,provider,ok,64,
76e909d7af59d6ddc3fe11ebe25dad4d,โรคติดเชื้อระบบทางเดินหายใจที่สำคัญ (รายวัน),2569,provider,ok,64,
d8cd1ecb3a780f9b3d8d767eeb58002d,"โรคติดเชื้อระบบทางเดินหายใจ J&B,U (รพ.รายวัน)",2565,provider,ok,32,
d8cd1ecb3a780f9b3d8d767eeb58002d,"โรคติดเชื้อระบบทางเดินหายใจ J&B,U (รพ.รายวัน)",2566,provider,ok,32,
d8cd1ecb3a780f9b3d8d767eeb58002d,"โรคติดเชื้อระบบทางเดินหายใจ J&B,U (รพ.รายวัน)",2567,provider,ok,32,
d8cd1ecb3a780f9b3d8d767eeb58002d,"โรคติดเชื้อระบบทางเดินหายใจ J&B,U (รพ.รายวัน)",2568,provider,ok,32,
d8cd1ecb3a780f9b3d8d767eeb58002d,"โรคติดเชื้อระบบทางเดินหายใจ J&B,U (รพ.รายวัน)",2569,provider,ok,32,
e8b647ca3960f0fda1e64be0d4f0a684,ข้อมูลรายโรคที่มีความสัมพันธ์กับพฤติกรรม การล้างมือ การสวมหน้ากากอนามัย/หน้ากากผ้า จำแนกรายเดือน เปรียบเทียบ 3 ปีย้อนหลัง,2565,provider,ok,21,
e8b647ca3960f0fda1e64be0d4f0a684,ข้อมูลรายโรคที่มีความสัมพันธ์กับพฤติกรรม การล้างมือ การสวมหน้ากากอนามัย/หน้ากากผ้า จำแนกรายเดือน เปรียบเทียบ 3 ปีย้อนหลัง,2566,provider,ok,21,
e8b647ca3960f0fda1e64be0d4f0a684,ข้อมูลรายโรคที่มีความสัมพันธ์กับพฤติกรรม การล้างมือ การสวมหน้ากากอนามัย/หน้ากากผ้า จำแนกรายเดือน เปรียบเทียบ 3 ปีย้อนหลัง,2567,provider,ok,21,
e8b647ca3960f0fda1e64be0d4f0a684,ข้อมูลรายโรคที่มีความสัมพันธ์กับพฤติกรรม การล้างมือ การสวมหน้ากากอนามัย/หน้ากากผ้า จำแนกรายเดือน เปรียบเทียบ 3 ปีย้อนหลัง,2568,provider,ok,21,
e8b647ca3960f0fda1e64be0d4f0a684,ข้อมูลรายโรคที่มีความสัมพันธ์กับพฤติกรรม การล้างมือ การสวมหน้ากากอนามัย/หน้ากากผ้า จำแนกรายเดือน เปรียบเทียบ 3 ปีย้อนหลัง,2569,provider,ok,21,
2d85d6ec39840f8051854b028fa13073,หน่วยบริการที่มีบริการการแพทย์ทางไกล,2565,provider,ok,1,
2d85d6ec39840f8051854b028fa13073,หน่วยบริการที่มีบริการการแพทย์ทางไกล,2566,provider,ok,1,
2d85d6ec39840f8051854b028fa13073,หน่วยบริการที่มีบริการการแพทย์ทางไกล,2567,provider,ok,1,
2d85d6ec39840f8051854b028fa13073,หน่วยบริการที่มีบริการการแพทย์ทางไกล,2568,provider,ok,1,
2d85d6ec39840f8051854b028fa13073,หน่วยบริการที่มีบริการการแพทย์ทางไกล,2569,provider,ok,1,
6mun4l1edmmc4329x5xwh,ร้อยละของผู้ป่วยโรคเบาหวาน ได้รับการตรวจ HbA1c ซ้ำภายใน 90 วัน,2565,provider,error,0,500 
6mun4l1edmmc4329x5xwh,ร้อยละของผู้ป่วยโรคเบาหวาน ได้รับการตรวจ HbA1c ซ้ำภายใน 90 วัน,2566,provider,error,0,500 
6mun4l1edmmc4329x5xwh,ร้อยละของผู้ป่วยโรคเบาหวาน ได้รับการตรวจ HbA1c ซ้ำภายใน 90 วัน,2567,provider,ok,34,
6mun4l1edmmc4329x5xwh,ร้อยละของผู้ป่วยโรคเบาหวาน ได้รับการตรวจ HbA1c ซ้ำภายใน 90 วัน,2568,provider,ok,34,
6mun4l1edmmc4329x5xwh,ร้อยละของผู้ป่วยโรคเบาหวาน ได้รับการตรวจ HbA1c ซ้ำภายใน 90 วัน,2569,provider,ok,34,
m7rdkm3qgyxgae02cqgif,ร้อยละของผู้ป่วยโรคเบาหวาน ได้รับการตรวจ LDL-Cholesterol ซ้ำภายใน 90 วัน,2565,provider,error,0,500 
m7rdkm3qgyxgae02cqgif,ร้อยละของผู้ป่วยโรคเบาหวาน ได้รับการตรวจ LDL-Cholesterol ซ้ำภายใน 90 วัน,2566,provider,error,0,500 
m7rdkm3qgyxgae02cqgif,ร้อยละของผู้ป่วยโรคเบาหวาน ได้รับการตรวจ LDL-Cholesterol ซ้ำภายใน 90 วัน,2567,provider,error,0,500 
m7rdkm3qgyxgae02cqgif,ร้อยละของผู้ป่วยโรคเบาหวาน ได้รับการตรวจ LDL-Cholesterol ซ้ำภายใน 90 วัน,2568,provider,error,0,500 
m7rdkm3qgyxgae02cqgif,ร้อยละของผู้ป่วยโรคเบาหวาน ได้รับการตรวจ LDL-Cholesterol ซ้ำภายใน 90 วัน,2569,provider,ok,34,
0eqewut9py61nmma8i2ax,ร้อยละของผู้มารับบริการได้รับการตรวจ Total Cholesterol ซ้ำภายใน 90 วัน,2565,provider,error,0,500 
0eqewut9py61nmma8i2ax,ร้อยละของผู้มารับบริการได้รับการตรวจ Total Cholesterol ซ้ำภายใน 90 วัน,2566,provider,error,0,500 
0eqewut9py61nmma8i2ax,ร้อยละของผู้มารับบริการได้รับการตรวจ Total Cholesterol ซ้ำภายใน 90 วัน,2567,provider,error,0,500 
0eqewut9py61nmma8i2ax,ร้อยละของผู้มารับบริการได้รับการตรวจ Total Cholesterol ซ้ำภายใน 90 วัน,2568,provider,ok,34,
0eqewut9py61nmma8i2ax,ร้อยละของผู้มารับบริการได้รับการตรวจ Total Cholesterol ซ้ำภายใน 90 วัน,2569,provider,ok,34,
igizblqvh46narmlmvcs5,ร้อยละของผู้มารับบริการได้รับการตรวจ Triglycerides ซ้ำภายใน 90 วัน,2565,provider,error,0,500 
igizblqvh46narmlmvcs5,ร้อยละของผู้มารับบริการได้รับการตรวจ Triglycerides ซ้ำภายใน 90 วัน,2566,provider,error,0,500 
igizblqvh46narmlmvcs5,ร้อยละของผู้มารับบริการได้รับการตรวจ Triglycerides ซ้ำภายใน 90 วัน,2567,provider,error,0,500 
igizblqvh46narmlmvcs5,ร้อยละของผู้มารับบริการได้รับการตรวจ Triglycerides ซ้ำภายใน 90 วัน,2568,provider,ok,34,
igizblqvh46narmlmvcs5,ร้อยละของผู้มารับบริการได้รับการตรวจ Triglycerides ซ้ำภายใน 90 วัน,2569,provider,ok,34,
a6an5mcvq4ndo8m0djmc5,ร้อยละผู้ป่วยโรคเบาหวาน ได้รับการตรวจ HbA1c อย่างน้อยปีละ 1 ครั้ง,2565,provider,error,0,500 
a6an5mcvq4ndo8m0djmc5,ร้อยละผู้ป่วยโรคเบาหวาน ได้รับการตรวจ HbA1c อย่างน้อยปีละ 1 ครั้ง,2566,provider,error,0,500 
a6an5mcvq4ndo8m0djmc5,ร้อยละผู้ป่วยโรคเบาหวาน ได้รับการตรวจ HbA1c อย่างน้อยปีละ 1 ครั้ง,2567,provider,error,0,500 
a6an5mcvq4ndo8m0djmc5,ร้อยละผู้ป่วยโรคเบาหวาน ได้รับการตรวจ HbA1c อย่างน้อยปีละ 1 ครั้ง,2568,provider,ok,26,
a6an5mcvq4ndo8m0djmc5,ร้อยละผู้ป่วยโรคเบาหวาน ได้รับการตรวจ HbA1c อย่างน้อยปีละ 1 ครั้ง,2569,provider,ok,26,
66js79dih7inc40q2d3s8,ร้อยละของผู้ป่วยโรคเบาหวานได้รับการตรวจ LDL-Cholesterol อย่างน้อยปีละ 1 ครั้ง,2565,provider,error,0,500 
66js79dih7inc40q2d3s8,ร้อยละของผู้ป่วยโรคเบาหวานได้รับการตรวจ LDL-Cholesterol อย่างน้อยปีละ 1 ครั้ง,2566,provider,error,0,500 
66js79dih7inc40q2d3s8,ร้อยละของผู้ป่วยโรคเบาหวานได้รับการตรวจ LDL-Cholesterol อย่างน้อยปีละ 1 ครั้ง,2567,provider,error,0,500 
66js79dih7inc40q2d3s8,ร้อยละของผู้ป่วยโรคเบาหวานได้รับการตรวจ LDL-Cholesterol อย่างน้อยปีละ 1 ครั้ง,2568,provider,ok,26,
66js79dih7inc40q2d3s8,ร้อยละของผู้ป่วยโรคเบาหวานได้รับการตรวจ LDL-Cholesterol อย่างน้อยปีละ 1 ครั้ง,2569,provider,ok,26,
avxi1awp5a4wwjel5pd5t,ร้อยละของผู้ป่วยโรคเบาหวาน ได้รับการตรวจ Creatinine อย่างน้อยปีละ 1 ครั้ง,2565,provider,error,0,500 
avxi1awp5a4wwjel5pd5t,ร้อยละของผู้ป่วยโรคเบาหวาน ได้รับการตรวจ Creatinine อย่างน้อยปีละ 1 ครั้ง,2566,provider,error,0,500 
avxi1awp5a4wwjel5pd5t,ร้อยละของผู้ป่วยโรคเบาหวาน ได้รับการตรวจ Creatinine อย่างน้อยปีละ 1 ครั้ง,2567,provider,error,0,500 
avxi1awp5a4wwjel5pd5t,ร้อยละของผู้ป่วยโรคเบาหวาน ได้รับการตรวจ Creatinine อย่างน้อยปีละ 1 ครั้ง,2568,provider,ok,26,
avxi1awp5a4wwjel5pd5t,ร้อยละของผู้ป่วยโรคเบาหวาน ได้รับการตรวจ Creatinine อย่างน้อยปีละ 1 ครั้ง,2569,provider,ok,26,
4ca582c18cbff487e79fc213690d2e8c,OPD-จำนวนการวินิจฉัยโรคแพทย์แผนจีน ตามกลุ่มโรคที่รักษาด้วยการแพทย์แผนจีน,2565,provider,ok,20,
4ca582c18cbff487e79fc213690d2e8c,OPD-จำนวนการวินิจฉัยโรคแพทย์แผนจีน ตามกลุ่มโรคที่รักษาด้วยการแพทย์แผนจีน,2566,provider,ok,20,
4ca582c18cbff487e79fc213690d2e8c,OPD-จำนวนการวินิจฉัยโรคแพทย์แผนจีน ตามกลุ่มโรคที่รักษาด้วยการแพทย์แผนจีน,2567,provider,ok,20,
4ca582c18cbff487e79fc213690d2e8c,OPD-จำนวนการวินิจฉัยโรคแพทย์แผนจีน ตามกลุ่มโรคที่รักษาด้วยการแพทย์แผนจีน,2568,provider,ok,20,
4ca582c18cbff487e79fc213690d2e8c,OPD-จำนวนการวินิจฉัยโรคแพทย์แผนจีน ตามกลุ่มโรคที่รักษาด้วยการแพทย์แผนจีน,2569,provider,ok,20,
050d854ebd7c8f86b3f6cd584d6f1df6,OPD-รายงานหัตถการด้านการแพทย์แผนจีน,2565,moo,empty,0,
050d854ebd7c8f86b3f6cd584d6f1df6,OPD-รายงานหัตถการด้านการแพทย์แผนจีน,2566,moo,empty,0,
050d854ebd7c8f86b3f6cd584d6f1df6,OPD-รายงานหัตถการด้านการแพทย์แผนจีน,2567,moo,empty,0,
050d854ebd7c8f86b3f6cd584d6f1df6,OPD-รายงานหัตถการด้านการแพทย์แผนจีน,2568,moo,empty,0,
050d854ebd7c8f86b3f6cd584d6f1df6,OPD-รายงานหัตถการด้านการแพทย์แผนจีน,2569,moo,empty,0,
18a142232fd2eaf3d595e190b5b3e76c,OPD-ลำดับการวินิจฉัยโรคแพทย์แผนจีน ตามกลุ่มโรคที่รักษาด้วยการแพทย์แผนจีน,2565,provider,error,0,502 Cannot read properties of undefined (reading 'query')
18a142232fd2eaf3d595e190b5b3e76c,OPD-ลำดับการวินิจฉัยโรคแพทย์แผนจีน ตามกลุ่มโรคที่รักษาด้วยการแพทย์แผนจีน,2566,provider,error,0,502 Cannot read properties of undefined (reading 'query')
18a142232fd2eaf3d595e190b5b3e76c,OPD-ลำดับการวินิจฉัยโรคแพทย์แผนจีน ตามกลุ่มโรคที่รักษาด้วยการแพทย์แผนจีน,2567,provider,error,0,502 Cannot read properties of undefined (reading 'query')
18a142232fd2eaf3d595e190b5b3e76c,OPD-ลำดับการวินิจฉัยโรคแพทย์แผนจีน ตามกลุ่มโรคที่รักษาด้วยการแพทย์แผนจีน,2568,provider,error,0,502 Cannot read properties of undefined (reading 'query')
18a142232fd2eaf3d595e190b5b3e76c,OPD-ลำดับการวินิจฉัยโรคแพทย์แผนจีน ตามกลุ่มโรคที่รักษาด้วยการแพทย์แผนจีน,2569,provider,error,0,502 Cannot read properties of undefined (reading 'query')
69f14e55fab1b653c0975404876067f2,IPD-จำนวนการวินิจฉัยโรคแพทย์แผนจีน ตามกลุ่มโรคที่รักษาด้วยการแพทย์แผนจีน,2565,provider,ok,20,
69f14e55fab1b653c0975404876067f2,IPD-จำนวนการวินิจฉัยโรคแพทย์แผนจีน ตามกลุ่มโรคที่รักษาด้วยการแพทย์แผนจีน,2566,provider,ok,20,
69f14e55fab1b653c0975404876067f2,IPD-จำนวนการวินิจฉัยโรคแพทย์แผนจีน ตามกลุ่มโรคที่รักษาด้วยการแพทย์แผนจีน,2567,provider,ok,20,
69f14e55fab1b653c0975404876067f2,IPD-จำนวนการวินิจฉัยโรคแพทย์แผนจีน ตามกลุ่มโรคที่รักษาด้วยการแพทย์แผนจีน,2568,provider,ok,20,
69f14e55fab1b653c0975404876067f2,IPD-จำนวนการวินิจฉัยโรคแพทย์แผนจีน ตามกลุ่มโรคที่รักษาด้วยการแพทย์แผนจีน,2569,provider,ok,20,
518cedb77b2c0e87e3044c53d6377dc2,IPD-รายงานหัตถการด้านการแพทย์แผนจีน,2565,provider,empty,0,
518cedb77b2c0e87e3044c53d6377dc2,IPD-รายงานหัตถการด้านการแพทย์แผนจีน,2566,provider,empty,0,
518cedb77b2c0e87e3044c53d6377dc2,IPD-รายงานหัตถการด้านการแพทย์แผนจีน,2567,provider,empty,0,
518cedb77b2c0e87e3044c53d6377dc2,IPD-รายงานหัตถการด้านการแพทย์แผนจีน,2568,provider,empty,0,
518cedb77b2c0e87e3044c53d6377dc2,IPD-รายงานหัตถการด้านการแพทย์แผนจีน,2569,provider,empty,0,
fe9b60048bd604dcc46a9365f62c3fe2,IPD-ลำดับการวินิจฉัยโรคแพทย์แผนจีน ตามกลุ่มโรคที่รักษาด้วยการแพทย์แผนจีน,2565,provider,error,0,502 Cannot read properties of undefined (reading 'query')
fe9b60048bd604dcc46a9365f62c3fe2,IPD-ลำดับการวินิจฉัยโรคแพทย์แผนจีน ตามกลุ่มโรคที่รักษาด้วยการแพทย์แผนจีน,2566,provider,error,0,502 Cannot read properties of undefined (reading 'query')
fe9b60048bd604dcc46a9365f62c3fe2,IPD-ลำดับการวินิจฉัยโรคแพทย์แผนจีน ตามกลุ่มโรคที่รักษาด้วยการแพทย์แผนจีน,2567,provider,error,0,502 Cannot read properties of undefined (reading 'query')
fe9b60048bd604dcc46a9365f62c3fe2,IPD-ลำดับการวินิจฉัยโรคแพทย์แผนจีน ตามกลุ่มโรคที่รักษาด้วยการแพทย์แผนจีน,2568,provider,error,0,502 Cannot read properties of undefined (reading 'query')
fe9b60048bd604dcc46a9365f62c3fe2,IPD-ลำดับการวินิจฉัยโรคแพทย์แผนจีน ตามกลุ่มโรคที่รักษาด้วยการแพทย์แผนจีน,2569,provider,error,0,502 Cannot read properties of undefined (reading 'query')
cba4cc41872398d244dde8e2604c1fda,ผู้ป่วยนอกที่รับบริการทางทันตกรรม รวมทุกสิทธิ์ (คนต่อสถานบริการ),2565,provider,ok,13,
cba4cc41872398d244dde8e2604c1fda,ผู้ป่วยนอกที่รับบริการทางทันตกรรม รวมทุกสิทธิ์ (คนต่อสถานบริการ),2566,provider,ok,13,
cba4cc41872398d244dde8e2604c1fda,ผู้ป่วยนอกที่รับบริการทางทันตกรรม รวมทุกสิทธิ์ (คนต่อสถานบริการ),2567,provider,ok,13,
cba4cc41872398d244dde8e2604c1fda,ผู้ป่วยนอกที่รับบริการทางทันตกรรม รวมทุกสิทธิ์ (คนต่อสถานบริการ),2568,provider,ok,13,
cba4cc41872398d244dde8e2604c1fda,ผู้ป่วยนอกที่รับบริการทางทันตกรรม รวมทุกสิทธิ์ (คนต่อสถานบริการ),2569,provider,ok,13,
1b7a1fcbcd6cc2abae4c26d17d2b7045,ผู้ป่วยนอกที่รับบริการทางทันตกรรม รวมทุกสิทธิ์ (ครั้ง),2565,provider,ok,13,
1b7a1fcbcd6cc2abae4c26d17d2b7045,ผู้ป่วยนอกที่รับบริการทางทันตกรรม รวมทุกสิทธิ์ (ครั้ง),2566,provider,ok,13,
1b7a1fcbcd6cc2abae4c26d17d2b7045,ผู้ป่วยนอกที่รับบริการทางทันตกรรม รวมทุกสิทธิ์ (ครั้ง),2567,provider,ok,13,
1b7a1fcbcd6cc2abae4c26d17d2b7045,ผู้ป่วยนอกที่รับบริการทางทันตกรรม รวมทุกสิทธิ์ (ครั้ง),2568,provider,ok,13,
1b7a1fcbcd6cc2abae4c26d17d2b7045,ผู้ป่วยนอกที่รับบริการทางทันตกรรม รวมทุกสิทธิ์ (ครั้ง),2569,provider,ok,13,
43b53d1950da4739e9a7f8ee4b0d25d2,ผู้ป่วยนอกที่รับบริการทางทันตกรรม รวมทุกสิทธิ์ (ครั้ง) โดยทันตบุคลากร,2565,provider,ok,13,
43b53d1950da4739e9a7f8ee4b0d25d2,ผู้ป่วยนอกที่รับบริการทางทันตกรรม รวมทุกสิทธิ์ (ครั้ง) โดยทันตบุคลากร,2566,provider,ok,13,
43b53d1950da4739e9a7f8ee4b0d25d2,ผู้ป่วยนอกที่รับบริการทางทันตกรรม รวมทุกสิทธิ์ (ครั้ง) โดยทันตบุคลากร,2567,provider,ok,13,
43b53d1950da4739e9a7f8ee4b0d25d2,ผู้ป่วยนอกที่รับบริการทางทันตกรรม รวมทุกสิทธิ์ (ครั้ง) โดยทันตบุคลากร,2568,provider,ok,13,
43b53d1950da4739e9a7f8ee4b0d25d2,ผู้ป่วยนอกที่รับบริการทางทันตกรรม รวมทุกสิทธิ์ (ครั้ง) โดยทันตบุคลากร,2569,provider,ok,13,
960aa7aeaa407980c00b16f99d47fe80,รายงานผู้ป่วยนอกที่รับบริการทางทันตกรรม (ครั้งต่อคนต่อปี) แยก 4 สิทธิ,2565,provider,ok,18,
960aa7aeaa407980c00b16f99d47fe80,รายงานผู้ป่วยนอกที่รับบริการทางทันตกรรม (ครั้งต่อคนต่อปี) แยก 4 สิทธิ,2566,provider,ok,18,
960aa7aeaa407980c00b16f99d47fe80,รายงานผู้ป่วยนอกที่รับบริการทางทันตกรรม (ครั้งต่อคนต่อปี) แยก 4 สิทธิ,2567,provider,ok,18,
960aa7aeaa407980c00b16f99d47fe80,รายงานผู้ป่วยนอกที่รับบริการทางทันตกรรม (ครั้งต่อคนต่อปี) แยก 4 สิทธิ,2568,provider,ok,18,
960aa7aeaa407980c00b16f99d47fe80,รายงานผู้ป่วยนอกที่รับบริการทางทันตกรรม (ครั้งต่อคนต่อปี) แยก 4 สิทธิ,2569,provider,ok,18,
3d89d7b2e236d60d2e02ad969db4f6ea,รายงานผู้ป่วยนอกที่รับบริการทางทันตกรรม ในผู้มีอายุ 15-59 ปี  แยกรายสิทธิ,2565,provider,ok,18,
3d89d7b2e236d60d2e02ad969db4f6ea,รายงานผู้ป่วยนอกที่รับบริการทางทันตกรรม ในผู้มีอายุ 15-59 ปี  แยกรายสิทธิ,2566,provider,ok,18,
3d89d7b2e236d60d2e02ad969db4f6ea,รายงานผู้ป่วยนอกที่รับบริการทางทันตกรรม ในผู้มีอายุ 15-59 ปี  แยกรายสิทธิ,2567,provider,ok,18,
3d89d7b2e236d60d2e02ad969db4f6ea,รายงานผู้ป่วยนอกที่รับบริการทางทันตกรรม ในผู้มีอายุ 15-59 ปี  แยกรายสิทธิ,2568,provider,ok,18,
3d89d7b2e236d60d2e02ad969db4f6ea,รายงานผู้ป่วยนอกที่รับบริการทางทันตกรรม ในผู้มีอายุ 15-59 ปี  แยกรายสิทธิ,2569,provider,ok,18,
2db90b3f093514c004d529873cfe7311,ผู้ป่วยในที่รับบบริการทางทันตกรรม รวมทุกสิทธิ์ (visit),2565,provider,ok,13,
2db90b3f093514c004d529873cfe7311,ผู้ป่วยในที่รับบบริการทางทันตกรรม รวมทุกสิทธิ์ (visit),2566,provider,ok,13,
2db90b3f093514c004d529873cfe7311,ผู้ป่วยในที่รับบบริการทางทันตกรรม รวมทุกสิทธิ์ (visit),2567,provider,ok,13,
2db90b3f093514c004d529873cfe7311,ผู้ป่วยในที่รับบบริการทางทันตกรรม รวมทุกสิทธิ์ (visit),2568,provider,ok,13,
2db90b3f093514c004d529873cfe7311,ผู้ป่วยในที่รับบบริการทางทันตกรรม รวมทุกสิทธิ์ (visit),2569,provider,ok,13,
ce331927a984726e907d00396cacda4d,รายงานสรุป CMI (ปิดรายงาน) (ใช้ข้อมูลได้ที่ กบรส. https://cmi.moph.go.th),2565,zone,error,0,"502 relation ""s_cmi_summary_region"" does not exist"
ce331927a984726e907d00396cacda4d,รายงานสรุป CMI (ปิดรายงาน) (ใช้ข้อมูลได้ที่ กบรส. https://cmi.moph.go.th),2566,zone,error,0,"502 relation ""s_cmi_summary_region"" does not exist"
ce331927a984726e907d00396cacda4d,รายงานสรุป CMI (ปิดรายงาน) (ใช้ข้อมูลได้ที่ กบรส. https://cmi.moph.go.th),2567,zone,error,0,"502 relation ""s_cmi_summary_region"" does not exist"
ce331927a984726e907d00396cacda4d,รายงานสรุป CMI (ปิดรายงาน) (ใช้ข้อมูลได้ที่ กบรส. https://cmi.moph.go.th),2568,zone,error,0,"502 relation ""s_cmi_summary_region"" does not exist"
ce331927a984726e907d00396cacda4d,รายงานสรุป CMI (ปิดรายงาน) (ใช้ข้อมูลได้ที่ กบรส. https://cmi.moph.go.th),2569,zone,error,0,"502 relation ""s_cmi_summary_region"" does not exist"
a18e310aa1ceba87288c946572b6885f,รายงานสรุป CMI ตามกลุ่มวินิจฉัยโรคใหญ่ (MDC) (ปิดรายงาน) (ใช้ข้อมูลได้ที่ กบรส. https://cmi.moph.go.th),2565,provider,error,0,502 syntax error at end of input
a18e310aa1ceba87288c946572b6885f,รายงานสรุป CMI ตามกลุ่มวินิจฉัยโรคใหญ่ (MDC) (ปิดรายงาน) (ใช้ข้อมูลได้ที่ กบรส. https://cmi.moph.go.th),2566,provider,error,0,502 syntax error at end of input
a18e310aa1ceba87288c946572b6885f,รายงานสรุป CMI ตามกลุ่มวินิจฉัยโรคใหญ่ (MDC) (ปิดรายงาน) (ใช้ข้อมูลได้ที่ กบรส. https://cmi.moph.go.th),2567,provider,error,0,502 syntax error at end of input
a18e310aa1ceba87288c946572b6885f,รายงานสรุป CMI ตามกลุ่มวินิจฉัยโรคใหญ่ (MDC) (ปิดรายงาน) (ใช้ข้อมูลได้ที่ กบรส. https://cmi.moph.go.th),2568,provider,error,0,502 syntax error at end of input
a18e310aa1ceba87288c946572b6885f,รายงานสรุป CMI ตามกลุ่มวินิจฉัยโรคใหญ่ (MDC) (ปิดรายงาน) (ใช้ข้อมูลได้ที่ กบรส. https://cmi.moph.go.th),2569,provider,error,0,502 syntax error at end of input
10a8c089ff1ff900442dab8477cf21ab,รายงานสรุป CMI ตามกลุ่มวินิจฉัยโรคร่วม (DRG) (ปิดรายงาน) (ใช้ข้อมูลได้ที่ กบรส. https://cmi.moph.go.th),2565,provider,error,0,502 syntax error at end of input
10a8c089ff1ff900442dab8477cf21ab,รายงานสรุป CMI ตามกลุ่มวินิจฉัยโรคร่วม (DRG) (ปิดรายงาน) (ใช้ข้อมูลได้ที่ กบรส. https://cmi.moph.go.th),2566,provider,error,0,502 syntax error at end of input
10a8c089ff1ff900442dab8477cf21ab,รายงานสรุป CMI ตามกลุ่มวินิจฉัยโรคร่วม (DRG) (ปิดรายงาน) (ใช้ข้อมูลได้ที่ กบรส. https://cmi.moph.go.th),2567,provider,error,0,502 syntax error at end of input
10a8c089ff1ff900442dab8477cf21ab,รายงานสรุป CMI ตามกลุ่มวินิจฉัยโรคร่วม (DRG) (ปิดรายงาน) (ใช้ข้อมูลได้ที่ กบรส. https://cmi.moph.go.th),2568,provider,error,0,502 syntax error at end of input
10a8c089ff1ff900442dab8477cf21ab,รายงานสรุป CMI ตามกลุ่มวินิจฉัยโรคร่วม (DRG) (ปิดรายงาน) (ใช้ข้อมูลได้ที่ กบรส. https://cmi.moph.go.th),2569,provider,error,0,502 syntax error at end of input
fc5da685b7544a1e9bc3f76fabc388b8,รายงานสรุป CMI กรณีผู้ป่วยเสียชีวิต (ปิดรายงาน) (ใช้ข้อมูลได้ที่ กบรส. https://cmi.moph.go.th),2565,zone,error,0,"502 column ""z.zonecode"" must appear in the GROUP BY clause or be used in an aggregate function"
fc5da685b7544a1e9bc3f76fabc388b8,รายงานสรุป CMI กรณีผู้ป่วยเสียชีวิต (ปิดรายงาน) (ใช้ข้อมูลได้ที่ กบรส. https://cmi.moph.go.th),2566,zone,error,0,"502 column ""z.zonecode"" must appear in the GROUP BY clause or be used in an aggregate function"
fc5da685b7544a1e9bc3f76fabc388b8,รายงานสรุป CMI กรณีผู้ป่วยเสียชีวิต (ปิดรายงาน) (ใช้ข้อมูลได้ที่ กบรส. https://cmi.moph.go.th),2567,zone,error,0,"502 column ""z.zonecode"" must appear in the GROUP BY clause or be used in an aggregate function"
fc5da685b7544a1e9bc3f76fabc388b8,รายงานสรุป CMI กรณีผู้ป่วยเสียชีวิต (ปิดรายงาน) (ใช้ข้อมูลได้ที่ กบรส. https://cmi.moph.go.th),2568,zone,error,0,"502 column ""z.zonecode"" must appear in the GROUP BY clause or be used in an aggregate function"
fc5da685b7544a1e9bc3f76fabc388b8,รายงานสรุป CMI กรณีผู้ป่วยเสียชีวิต (ปิดรายงาน) (ใช้ข้อมูลได้ที่ กบรส. https://cmi.moph.go.th),2569,zone,error,0,"502 column ""z.zonecode"" must appear in the GROUP BY clause or be used in an aggregate function"
345088f8536bf5cad8518590c7da9afb,รายงานสรุป CMI กรณีผู้ป่วยเสียชีวิต แยกตาม MDC (ปิดรายงาน) (ใช้ข้อมูลได้ที่ กบรส. https://cmi.moph.go.th),2565,provider,error,0,502 syntax error at end of input
345088f8536bf5cad8518590c7da9afb,รายงานสรุป CMI กรณีผู้ป่วยเสียชีวิต แยกตาม MDC (ปิดรายงาน) (ใช้ข้อมูลได้ที่ กบรส. https://cmi.moph.go.th),2566,provider,error,0,502 syntax error at end of input
345088f8536bf5cad8518590c7da9afb,รายงานสรุป CMI กรณีผู้ป่วยเสียชีวิต แยกตาม MDC (ปิดรายงาน) (ใช้ข้อมูลได้ที่ กบรส. https://cmi.moph.go.th),2567,provider,error,0,502 syntax error at end of input
345088f8536bf5cad8518590c7da9afb,รายงานสรุป CMI กรณีผู้ป่วยเสียชีวิต แยกตาม MDC (ปิดรายงาน) (ใช้ข้อมูลได้ที่ กบรส. https://cmi.moph.go.th),2568,provider,error,0,502 syntax error at end of input
345088f8536bf5cad8518590c7da9afb,รายงานสรุป CMI กรณีผู้ป่วยเสียชีวิต แยกตาม MDC (ปิดรายงาน) (ใช้ข้อมูลได้ที่ กบรส. https://cmi.moph.go.th),2569,provider,error,0,502 syntax error at end of input
cdfd4d8373260641ae67b5bdaed2136f,รายงานสรุป CMI กรณีผู้ป่วยเสียชีวิต แยกตาม DRG (ปิดรายงาน) (ใช้ข้อมูลได้ที่ กบรส. https://cmi.moph.go.th),2565,provider,error,0,502 syntax error at end of input
cdfd4d8373260641ae67b5bdaed2136f,รายงานสรุป CMI กรณีผู้ป่วยเสียชีวิต แยกตาม DRG (ปิดรายงาน) (ใช้ข้อมูลได้ที่ กบรส. https://cmi.moph.go.th),2566,provider,error,0,502 syntax error at end of input
cdfd4d8373260641ae67b5bdaed2136f,รายงานสรุป CMI กรณีผู้ป่วยเสียชีวิต แยกตาม DRG (ปิดรายงาน) (ใช้ข้อมูลได้ที่ กบรส. https://cmi.moph.go.th),2567,provider,error,0,502 syntax error at end of input
cdfd4d8373260641ae67b5bdaed2136f,รายงานสรุป CMI กรณีผู้ป่วยเสียชีวิต แยกตาม DRG (ปิดรายงาน) (ใช้ข้อมูลได้ที่ กบรส. https://cmi.moph.go.th),2568,provider,error,0,502 syntax error at end of input
cdfd4d8373260641ae67b5bdaed2136f,รายงานสรุป CMI กรณีผู้ป่วยเสียชีวิต แยกตาม DRG (ปิดรายงาน) (ใช้ข้อมูลได้ที่ กบรส. https://cmi.moph.go.th),2569,provider,error,0,502 syntax error at end of input
4cb064f94f66b3ab7d216c6ad3957991,รายงานสรุป CMI จำแนกตามพื้นที่การรับ Refer (ปิดรายงาน) (ใช้ข้อมูลได้ที่ กบรส. https://cmi.moph.go.th),2565,zone,error,0,502 syntax error at end of input
4cb064f94f66b3ab7d216c6ad3957991,รายงานสรุป CMI จำแนกตามพื้นที่การรับ Refer (ปิดรายงาน) (ใช้ข้อมูลได้ที่ กบรส. https://cmi.moph.go.th),2566,zone,error,0,502 syntax error at end of input
4cb064f94f66b3ab7d216c6ad3957991,รายงานสรุป CMI จำแนกตามพื้นที่การรับ Refer (ปิดรายงาน) (ใช้ข้อมูลได้ที่ กบรส. https://cmi.moph.go.th),2567,zone,error,0,502 syntax error at end of input
4cb064f94f66b3ab7d216c6ad3957991,รายงานสรุป CMI จำแนกตามพื้นที่การรับ Refer (ปิดรายงาน) (ใช้ข้อมูลได้ที่ กบรส. https://cmi.moph.go.th),2568,zone,error,0,502 syntax error at end of input
4cb064f94f66b3ab7d216c6ad3957991,รายงานสรุป CMI จำแนกตามพื้นที่การรับ Refer (ปิดรายงาน) (ใช้ข้อมูลได้ที่ กบรส. https://cmi.moph.go.th),2569,zone,error,0,502 syntax error at end of input
f5664caea1ac7f5c5f0e0a14944ab779,ประชากรแรงงานต่างด้าวเจ็บป่วยด้วยโรคจากการประกอบอาชีพ (14 กลุ่มโรค),2565,provider,ok,34,
f5664caea1ac7f5c5f0e0a14944ab779,ประชากรแรงงานต่างด้าวเจ็บป่วยด้วยโรคจากการประกอบอาชีพ (14 กลุ่มโรค),2566,provider,ok,34,
f5664caea1ac7f5c5f0e0a14944ab779,ประชากรแรงงานต่างด้าวเจ็บป่วยด้วยโรคจากการประกอบอาชีพ (14 กลุ่มโรค),2567,provider,ok,34,
f5664caea1ac7f5c5f0e0a14944ab779,ประชากรแรงงานต่างด้าวเจ็บป่วยด้วยโรคจากการประกอบอาชีพ (14 กลุ่มโรค),2568,provider,ok,34,
f5664caea1ac7f5c5f0e0a14944ab779,ประชากรแรงงานต่างด้าวเจ็บป่วยด้วยโรคจากการประกอบอาชีพ (14 กลุ่มโรค),2569,provider,ok,34,
c781cf62ed1fb6834470b341a3cc3c3d,ประชากรแรงงานต่างด้าวเจ็บป่วยด้วยโรคจากการประกอบอาชีพ (14 กลุ่มโรค) จำแนกรายอาชีพ,2565,provider,empty,0,
c781cf62ed1fb6834470b341a3cc3c3d,ประชากรแรงงานต่างด้าวเจ็บป่วยด้วยโรคจากการประกอบอาชีพ (14 กลุ่มโรค) จำแนกรายอาชีพ,2566,provider,empty,0,
c781cf62ed1fb6834470b341a3cc3c3d,ประชากรแรงงานต่างด้าวเจ็บป่วยด้วยโรคจากการประกอบอาชีพ (14 กลุ่มโรค) จำแนกรายอาชีพ,2567,provider,empty,0,
c781cf62ed1fb6834470b341a3cc3c3d,ประชากรแรงงานต่างด้าวเจ็บป่วยด้วยโรคจากการประกอบอาชีพ (14 กลุ่มโรค) จำแนกรายอาชีพ,2568,provider,empty,0,
c781cf62ed1fb6834470b341a3cc3c3d,ประชากรแรงงานต่างด้าวเจ็บป่วยด้วยโรคจากการประกอบอาชีพ (14 กลุ่มโรค) จำแนกรายอาชีพ,2569,provider,empty,0,
PoyA9dlvDgeWcWQjGHZ,สาเหตุการเจ็บป่วยผู้ป่วยนอกของประชากรข้ามชาติ 5 อันดับแรก,2565,provider,error,0,500 
PoyA9dlvDgeWcWQjGHZ,สาเหตุการเจ็บป่วยผู้ป่วยนอกของประชากรข้ามชาติ 5 อันดับแรก,2566,provider,error,0,500 
PoyA9dlvDgeWcWQjGHZ,สาเหตุการเจ็บป่วยผู้ป่วยนอกของประชากรข้ามชาติ 5 อันดับแรก,2567,provider,error,0,500 
PoyA9dlvDgeWcWQjGHZ,สาเหตุการเจ็บป่วยผู้ป่วยนอกของประชากรข้ามชาติ 5 อันดับแรก,2568,provider,error,0,502 Cannot read properties of undefined (reading 'query')
PoyA9dlvDgeWcWQjGHZ,สาเหตุการเจ็บป่วยผู้ป่วยนอกของประชากรข้ามชาติ 5 อันดับแรก,2569,provider,error,0,502 Cannot read properties of undefined (reading 'query')
4qbEvy6OafHsg017cQfp,โรคที่ต้องเฝ้าระวังที่มารับบริการของประชากรข้ามชาติ 5 อันดับแรก,2565,provider,error,0,500 
4qbEvy6OafHsg017cQfp,โรคที่ต้องเฝ้าระวังที่มารับบริการของประชากรข้ามชาติ 5 อันดับแรก,2566,provider,error,0,500 
4qbEvy6OafHsg017cQfp,โรคที่ต้องเฝ้าระวังที่มารับบริการของประชากรข้ามชาติ 5 อันดับแรก,2567,provider,error,0,500 
4qbEvy6OafHsg017cQfp,โรคที่ต้องเฝ้าระวังที่มารับบริการของประชากรข้ามชาติ 5 อันดับแรก,2568,provider,error,0,502 Cannot read properties of undefined (reading 'query')
4qbEvy6OafHsg017cQfp,โรคที่ต้องเฝ้าระวังที่มารับบริการของประชากรข้ามชาติ 5 อันดับแรก,2569,provider,error,0,502 Cannot read properties of undefined (reading 'query')
Yl4DUMBaD4NOIpzj,จำนวนครั้งของผู้มารับบริการที่เป็นประชากรข้ามชาติ จำแนกตามสิทธิการรักษา,2565,provider,error,0,500 
Yl4DUMBaD4NOIpzj,จำนวนครั้งของผู้มารับบริการที่เป็นประชากรข้ามชาติ จำแนกตามสิทธิการรักษา,2566,provider,error,0,500 
Yl4DUMBaD4NOIpzj,จำนวนครั้งของผู้มารับบริการที่เป็นประชากรข้ามชาติ จำแนกตามสิทธิการรักษา,2567,provider,ok,24,
Yl4DUMBaD4NOIpzj,จำนวนครั้งของผู้มารับบริการที่เป็นประชากรข้ามชาติ จำแนกตามสิทธิการรักษา,2568,provider,ok,24,
Yl4DUMBaD4NOIpzj,จำนวนครั้งของผู้มารับบริการที่เป็นประชากรข้ามชาติ จำแนกตามสิทธิการรักษา,2569,provider,ok,24,
aqaUc0rc89cvObs,สัดส่วนผู้มารับบริการ ที่เป็นประชากรข้ามชาติ,2565,provider,error,0,500 
aqaUc0rc89cvObs,สัดส่วนผู้มารับบริการ ที่เป็นประชากรข้ามชาติ,2566,provider,error,0,500 
aqaUc0rc89cvObs,สัดส่วนผู้มารับบริการ ที่เป็นประชากรข้ามชาติ,2567,provider,ok,9,
aqaUc0rc89cvObs,สัดส่วนผู้มารับบริการ ที่เป็นประชากรข้ามชาติ,2568,provider,ok,9,
aqaUc0rc89cvObs,สัดส่วนผู้มารับบริการ ที่เป็นประชากรข้ามชาติ,2569,provider,ok,9,
rgapf60nhyq6rt5e7lj4y,จํานวนการคลอด (เกิดมีชีพ) ในกลุ่มประชากรข้ามชาติ,2565,provider,no_unit_row,0,
rgapf60nhyq6rt5e7lj4y,จํานวนการคลอด (เกิดมีชีพ) ในกลุ่มประชากรข้ามชาติ,2566,provider,no_unit_row,0,
rgapf60nhyq6rt5e7lj4y,จํานวนการคลอด (เกิดมีชีพ) ในกลุ่มประชากรข้ามชาติ,2567,provider,no_unit_row,0,
rgapf60nhyq6rt5e7lj4y,จํานวนการคลอด (เกิดมีชีพ) ในกลุ่มประชากรข้ามชาติ,2568,provider,no_unit_row,0,
rgapf60nhyq6rt5e7lj4y,จํานวนการคลอด (เกิดมีชีพ) ในกลุ่มประชากรข้ามชาติ,2569,provider,no_unit_row,0,
xmy9pb63se4lf2ptyd7zc,จํานวนผู้รับการฉีดวัคซีนพื้นฐานในกลุ่มประชากรข้ามชาติ จําแนกตามกลุ่มอายุ และชนิดวัคซีน,2565,provider,ok,92,
xmy9pb63se4lf2ptyd7zc,จํานวนผู้รับการฉีดวัคซีนพื้นฐานในกลุ่มประชากรข้ามชาติ จําแนกตามกลุ่มอายุ และชนิดวัคซีน,2566,provider,ok,92,
xmy9pb63se4lf2ptyd7zc,จํานวนผู้รับการฉีดวัคซีนพื้นฐานในกลุ่มประชากรข้ามชาติ จําแนกตามกลุ่มอายุ และชนิดวัคซีน,2567,provider,ok,92,
xmy9pb63se4lf2ptyd7zc,จํานวนผู้รับการฉีดวัคซีนพื้นฐานในกลุ่มประชากรข้ามชาติ จําแนกตามกลุ่มอายุ และชนิดวัคซีน,2568,provider,ok,92,
xmy9pb63se4lf2ptyd7zc,จํานวนผู้รับการฉีดวัคซีนพื้นฐานในกลุ่มประชากรข้ามชาติ จําแนกตามกลุ่มอายุ และชนิดวัคซีน,2569,provider,ok,92,
ddzh9gnj8zgs4f4808dtq,จํานวนคนและครั้งที่มารับบริการในกลุ่มประชากรข้ามชาติ จําแนกตามประเภทการมารับบริการ,2565,provider,ok,36,
ddzh9gnj8zgs4f4808dtq,จํานวนคนและครั้งที่มารับบริการในกลุ่มประชากรข้ามชาติ จําแนกตามประเภทการมารับบริการ,2566,provider,ok,36,
ddzh9gnj8zgs4f4808dtq,จํานวนคนและครั้งที่มารับบริการในกลุ่มประชากรข้ามชาติ จําแนกตามประเภทการมารับบริการ,2567,provider,ok,36,
ddzh9gnj8zgs4f4808dtq,จํานวนคนและครั้งที่มารับบริการในกลุ่มประชากรข้ามชาติ จําแนกตามประเภทการมารับบริการ,2568,provider,ok,36,
ddzh9gnj8zgs4f4808dtq,จํานวนคนและครั้งที่มารับบริการในกลุ่มประชากรข้ามชาติ จําแนกตามประเภทการมารับบริการ,2569,provider,ok,36,
4tnligzue9z3fibzvfc7e,จํานวนครั้งของผู้ป่วยอุบัติเหตุในกลุ่มประชากรข้ามชาติ จําแนกตามประเภทอุบัติเหตุ,2565,provider,ok,24,
4tnligzue9z3fibzvfc7e,จํานวนครั้งของผู้ป่วยอุบัติเหตุในกลุ่มประชากรข้ามชาติ จําแนกตามประเภทอุบัติเหตุ,2566,provider,ok,24,
4tnligzue9z3fibzvfc7e,จํานวนครั้งของผู้ป่วยอุบัติเหตุในกลุ่มประชากรข้ามชาติ จําแนกตามประเภทอุบัติเหตุ,2567,provider,ok,24,
4tnligzue9z3fibzvfc7e,จํานวนครั้งของผู้ป่วยอุบัติเหตุในกลุ่มประชากรข้ามชาติ จําแนกตามประเภทอุบัติเหตุ,2568,provider,ok,24,
4tnligzue9z3fibzvfc7e,จํานวนครั้งของผู้ป่วยอุบัติเหตุในกลุ่มประชากรข้ามชาติ จําแนกตามประเภทอุบัติเหตุ,2569,provider,ok,24,
68e401815a64e624c286d97ef3582aa3,การคัดกรองความดันโลหิตสูง ในประชากรไทย จำแนกกลุ่มอายุ,2565,provider,ok,27,
68e401815a64e624c286d97ef3582aa3,การคัดกรองความดันโลหิตสูง ในประชากรไทย จำแนกกลุ่มอายุ,2566,provider,ok,27,
68e401815a64e624c286d97ef3582aa3,การคัดกรองความดันโลหิตสูง ในประชากรไทย จำแนกกลุ่มอายุ,2567,provider,ok,27,
68e401815a64e624c286d97ef3582aa3,การคัดกรองความดันโลหิตสูง ในประชากรไทย จำแนกกลุ่มอายุ,2568,provider,ok,27,
68e401815a64e624c286d97ef3582aa3,การคัดกรองความดันโลหิตสูง ในประชากรไทย จำแนกกลุ่มอายุ,2569,provider,ok,27,
6833128a5d76a6afcae3e4a6af0e718c,ประชากร 35 ปีขึ้นไปได้รับการคัดกรอง และเสี่ยงต่อโรคความดันโลหิตสูง,2565,provider,ok,13,
6833128a5d76a6afcae3e4a6af0e718c,ประชากร 35 ปีขึ้นไปได้รับการคัดกรอง และเสี่ยงต่อโรคความดันโลหิตสูง,2566,provider,ok,13,
6833128a5d76a6afcae3e4a6af0e718c,ประชากร 35 ปีขึ้นไปได้รับการคัดกรอง และเสี่ยงต่อโรคความดันโลหิตสูง,2567,provider,ok,13,
6833128a5d76a6afcae3e4a6af0e718c,ประชากร 35 ปีขึ้นไปได้รับการคัดกรอง และเสี่ยงต่อโรคความดันโลหิตสูง,2568,provider,ok,13,
6833128a5d76a6afcae3e4a6af0e718c,ประชากร 35 ปีขึ้นไปได้รับการคัดกรอง และเสี่ยงต่อโรคความดันโลหิตสูง,2569,provider,ok,13,
726942e401ef74754a45cd15f30ed02e,การเข้าถึงบริการและการคัดกรองโรคความดันโลหิตสูง,2565,zone,error,0,"502 column ""z.zonecode"" must appear in the GROUP BY clause or be used in an aggregate function"
726942e401ef74754a45cd15f30ed02e,การเข้าถึงบริการและการคัดกรองโรคความดันโลหิตสูง,2566,zone,error,0,"502 column ""z.zonecode"" must appear in the GROUP BY clause or be used in an aggregate function"
726942e401ef74754a45cd15f30ed02e,การเข้าถึงบริการและการคัดกรองโรคความดันโลหิตสูง,2567,zone,error,0,"502 column ""z.zonecode"" must appear in the GROUP BY clause or be used in an aggregate function"
726942e401ef74754a45cd15f30ed02e,การเข้าถึงบริการและการคัดกรองโรคความดันโลหิตสูง,2568,zone,error,0,"502 column ""z.zonecode"" must appear in the GROUP BY clause or be used in an aggregate function"
726942e401ef74754a45cd15f30ed02e,การเข้าถึงบริการและการคัดกรองโรคความดันโลหิตสูง,2569,zone,error,0,"502 column ""z.zonecode"" must appear in the GROUP BY clause or be used in an aggregate function"
150edaa99ecbe538378b8150e0776763,การคัดกรองเบาหวานในประชากรไทย จำแนกกลุ่มอายุ,2565,provider,ok,27,
150edaa99ecbe538378b8150e0776763,การคัดกรองเบาหวานในประชากรไทย จำแนกกลุ่มอายุ,2566,provider,ok,27,
150edaa99ecbe538378b8150e0776763,การคัดกรองเบาหวานในประชากรไทย จำแนกกลุ่มอายุ,2567,provider,ok,27,
150edaa99ecbe538378b8150e0776763,การคัดกรองเบาหวานในประชากรไทย จำแนกกลุ่มอายุ,2568,provider,ok,27,
150edaa99ecbe538378b8150e0776763,การคัดกรองเบาหวานในประชากรไทย จำแนกกลุ่มอายุ,2569,provider,ok,27,
323a75335033c5976566d99f5ad53b33,ประชากร 35 ปีขึ้นไปได้รับการคัดกรอง และเสี่ยงต่อโรคเบาหวาน,2565,provider,ok,11,
323a75335033c5976566d99f5ad53b33,ประชากร 35 ปีขึ้นไปได้รับการคัดกรอง และเสี่ยงต่อโรคเบาหวาน,2566,provider,ok,11,
323a75335033c5976566d99f5ad53b33,ประชากร 35 ปีขึ้นไปได้รับการคัดกรอง และเสี่ยงต่อโรคเบาหวาน,2567,provider,ok,11,
323a75335033c5976566d99f5ad53b33,ประชากร 35 ปีขึ้นไปได้รับการคัดกรอง และเสี่ยงต่อโรคเบาหวาน,2568,provider,ok,11,
323a75335033c5976566d99f5ad53b33,ประชากร 35 ปีขึ้นไปได้รับการคัดกรอง และเสี่ยงต่อโรคเบาหวาน,2569,provider,ok,11,
d7e91cec5aca74419bd84b1da4dc266f,การเข้าถึงบริการและการคัดกรองโรคเบาหวาน,2565,zone,error,0,502 syntax error at end of input
d7e91cec5aca74419bd84b1da4dc266f,การเข้าถึงบริการและการคัดกรองโรคเบาหวาน,2566,zone,error,0,502 syntax error at end of input
d7e91cec5aca74419bd84b1da4dc266f,การเข้าถึงบริการและการคัดกรองโรคเบาหวาน,2567,zone,error,0,502 syntax error at end of input
d7e91cec5aca74419bd84b1da4dc266f,การเข้าถึงบริการและการคัดกรองโรคเบาหวาน,2568,zone,error,0,502 syntax error at end of input
d7e91cec5aca74419bd84b1da4dc266f,การเข้าถึงบริการและการคัดกรองโรคเบาหวาน,2569,zone,error,0,502 syntax error at end of input
c0cb85481f434d563be6ec98a01cbb92,อัตราการคัดกรองมะเร็งปากมดลูกในสตรีไทย อายุ 30-60 ปี,2565,ampur,ok,9,
c0cb85481f434d563be6ec98a01cbb92,อัตราการคัดกรองมะเร็งปากมดลูกในสตรีไทย อายุ 30-60 ปี,2566,ampur,ok,9,
c0cb85481f434d563be6ec98a01cbb92,อัตราการคัดกรองมะเร็งปากมดลูกในสตรีไทย อายุ 30-60 ปี,2567,ampur,ok,9,
c0cb85481f434d563be6ec98a01cbb92,อัตราการคัดกรองมะเร็งปากมดลูกในสตรีไทย อายุ 30-60 ปี,2568,ampur,ok,9,
c0cb85481f434d563be6ec98a01cbb92,อัตราการคัดกรองมะเร็งปากมดลูกในสตรีไทย อายุ 30-60 ปี,2569,ampur,ok,9,
308526013808e90ce8f30d66e3b5ad82,อัตราการคัดกรองมะเร็งเต้านมในสตรีอายุ 30 – 70 ปี,2565,provider,ok,7,
308526013808e90ce8f30d66e3b5ad82,อัตราการคัดกรองมะเร็งเต้านมในสตรีอายุ 30 – 70 ปี,2566,provider,ok,7,
308526013808e90ce8f30d66e3b5ad82,อัตราการคัดกรองมะเร็งเต้านมในสตรีอายุ 30 – 70 ปี,2567,provider,ok,7,
308526013808e90ce8f30d66e3b5ad82,อัตราการคัดกรองมะเร็งเต้านมในสตรีอายุ 30 – 70 ปี,2568,provider,ok,7,
308526013808e90ce8f30d66e3b5ad82,อัตราการคัดกรองมะเร็งเต้านมในสตรีอายุ 30 – 70 ปี,2569,provider,ok,7,
68345e9bd757bdbf07d0d7fc71bee68f,ความชุกผู้บริโภคเครื่องดื่มแอลกอฮอล์ในประชากรอายุ 15 - 19 ปี,2565,provider,ok,3,
68345e9bd757bdbf07d0d7fc71bee68f,ความชุกผู้บริโภคเครื่องดื่มแอลกอฮอล์ในประชากรอายุ 15 - 19 ปี,2566,provider,ok,3,
68345e9bd757bdbf07d0d7fc71bee68f,ความชุกผู้บริโภคเครื่องดื่มแอลกอฮอล์ในประชากรอายุ 15 - 19 ปี,2567,provider,ok,3,
68345e9bd757bdbf07d0d7fc71bee68f,ความชุกผู้บริโภคเครื่องดื่มแอลกอฮอล์ในประชากรอายุ 15 - 19 ปี,2568,provider,ok,3,
68345e9bd757bdbf07d0d7fc71bee68f,ความชุกผู้บริโภคเครื่องดื่มแอลกอฮอล์ในประชากรอายุ 15 - 19 ปี,2569,provider,ok,3,
bbcb40adb960e0564efba686c316c009,ร้อยละของ Healthy Ageing,2565,provider,ok,11,
bbcb40adb960e0564efba686c316c009,ร้อยละของ Healthy Ageing,2566,provider,ok,11,
bbcb40adb960e0564efba686c316c009,ร้อยละของ Healthy Ageing,2567,provider,ok,11,
bbcb40adb960e0564efba686c316c009,ร้อยละของ Healthy Ageing,2568,provider,ok,11,
bbcb40adb960e0564efba686c316c009,ร้อยละของ Healthy Ageing,2569,provider,ok,11,
953a2fc648be8ce76a8115fbb955bb51,จำนวนผู้สูงอายุในเขตพื้นที่รับผิดชอบ จำแนกตามความสามารถในการทำกิจวัตรประจำวัน,2565,provider,ok,7,
953a2fc648be8ce76a8115fbb955bb51,จำนวนผู้สูงอายุในเขตพื้นที่รับผิดชอบ จำแนกตามความสามารถในการทำกิจวัตรประจำวัน,2566,provider,ok,7,
953a2fc648be8ce76a8115fbb955bb51,จำนวนผู้สูงอายุในเขตพื้นที่รับผิดชอบ จำแนกตามความสามารถในการทำกิจวัตรประจำวัน,2567,provider,ok,7,
953a2fc648be8ce76a8115fbb955bb51,จำนวนผู้สูงอายุในเขตพื้นที่รับผิดชอบ จำแนกตามความสามารถในการทำกิจวัตรประจำวัน,2568,provider,ok,7,
953a2fc648be8ce76a8115fbb955bb51,จำนวนผู้สูงอายุในเขตพื้นที่รับผิดชอบ จำแนกตามความสามารถในการทำกิจวัตรประจำวัน,2569,provider,ok,7,
aa86b13e8cb60cae6c3216b7e3e5f151,การคัดกรองผู้สูงอายุ 9 ด้าน (Basic/Community Screen STEP1),2565,provider,ok,39,
aa86b13e8cb60cae6c3216b7e3e5f151,การคัดกรองผู้สูงอายุ 9 ด้าน (Basic/Community Screen STEP1),2566,provider,ok,39,
aa86b13e8cb60cae6c3216b7e3e5f151,การคัดกรองผู้สูงอายุ 9 ด้าน (Basic/Community Screen STEP1),2567,provider,ok,39,
aa86b13e8cb60cae6c3216b7e3e5f151,การคัดกรองผู้สูงอายุ 9 ด้าน (Basic/Community Screen STEP1),2568,provider,ok,39,
aa86b13e8cb60cae6c3216b7e3e5f151,การคัดกรองผู้สูงอายุ 9 ด้าน (Basic/Community Screen STEP1),2569,provider,ok,39,
3ed685f555bc1579c821ecc548fc0ee2,การคัดกรองผู้สูงอายุ 9 ด้าน จาก API,2565,provider,ok,40,
3ed685f555bc1579c821ecc548fc0ee2,การคัดกรองผู้สูงอายุ 9 ด้าน จาก API,2566,provider,ok,40,
3ed685f555bc1579c821ecc548fc0ee2,การคัดกรองผู้สูงอายุ 9 ด้าน จาก API,2567,provider,ok,40,
3ed685f555bc1579c821ecc548fc0ee2,การคัดกรองผู้สูงอายุ 9 ด้าน จาก API,2568,provider,ok,40,
3ed685f555bc1579c821ecc548fc0ee2,การคัดกรองผู้สูงอายุ 9 ด้าน จาก API,2569,provider,ok,40,
137a726340e4dfde7bbbc5d8aeee3ac3,ร้อยละผู้ป่วยโรคเบาหวานที่ควบคุมระดับน้ำตาลได้ดี,2565,provider,ok,26,
137a726340e4dfde7bbbc5d8aeee3ac3,ร้อยละผู้ป่วยโรคเบาหวานที่ควบคุมระดับน้ำตาลได้ดี,2566,provider,ok,26,
137a726340e4dfde7bbbc5d8aeee3ac3,ร้อยละผู้ป่วยโรคเบาหวานที่ควบคุมระดับน้ำตาลได้ดี,2567,provider,ok,26,
137a726340e4dfde7bbbc5d8aeee3ac3,ร้อยละผู้ป่วยโรคเบาหวานที่ควบคุมระดับน้ำตาลได้ดี,2568,provider,ok,26,
137a726340e4dfde7bbbc5d8aeee3ac3,ร้อยละผู้ป่วยโรคเบาหวานที่ควบคุมระดับน้ำตาลได้ดี,2569,provider,ok,26,
2e3813337b6b5377c2f68affe247d5f9,ร้อยละผู้ป่วยโรคความดันโลหิตสูงที่ควบคุมความดันโลหิตได้ดี,2565,provider,ok,17,
2e3813337b6b5377c2f68affe247d5f9,ร้อยละผู้ป่วยโรคความดันโลหิตสูงที่ควบคุมความดันโลหิตได้ดี,2566,provider,ok,17,
2e3813337b6b5377c2f68affe247d5f9,ร้อยละผู้ป่วยโรคความดันโลหิตสูงที่ควบคุมความดันโลหิตได้ดี,2567,provider,ok,17,
2e3813337b6b5377c2f68affe247d5f9,ร้อยละผู้ป่วยโรคความดันโลหิตสูงที่ควบคุมความดันโลหิตได้ดี,2568,provider,ok,17,
2e3813337b6b5377c2f68affe247d5f9,ร้อยละผู้ป่วยโรคความดันโลหิตสูงที่ควบคุมความดันโลหิตได้ดี,2569,provider,ok,17,
9f650a39de3038adcfc9ae5f15c02ba5,สัดส่วนผู้ป่วยนอกโรคความดันโลหิตสูง มารับบริการในศสม.และรพ.สต.เทียบกับโรงพยาบาลแม่ข่าย,2565,provider,empty,0,
9f650a39de3038adcfc9ae5f15c02ba5,สัดส่วนผู้ป่วยนอกโรคความดันโลหิตสูง มารับบริการในศสม.และรพ.สต.เทียบกับโรงพยาบาลแม่ข่าย,2566,provider,empty,0,
9f650a39de3038adcfc9ae5f15c02ba5,สัดส่วนผู้ป่วยนอกโรคความดันโลหิตสูง มารับบริการในศสม.และรพ.สต.เทียบกับโรงพยาบาลแม่ข่าย,2567,provider,empty,0,
9f650a39de3038adcfc9ae5f15c02ba5,สัดส่วนผู้ป่วยนอกโรคความดันโลหิตสูง มารับบริการในศสม.และรพ.สต.เทียบกับโรงพยาบาลแม่ข่าย,2568,provider,empty,0,
9f650a39de3038adcfc9ae5f15c02ba5,สัดส่วนผู้ป่วยนอกโรคความดันโลหิตสูง มารับบริการในศสม.และรพ.สต.เทียบกับโรงพยาบาลแม่ข่าย,2569,provider,empty,0,
3b0f5194bbc864b6f26adfe08da8a981,สัดส่วนผู้ป่วยนอกโรคเบาหวาน มารับบริการในศสม.และรพ.สต.เทียบกับโรงพยาบาลแม่ข่าย,2565,moo,empty,0,
3b0f5194bbc864b6f26adfe08da8a981,สัดส่วนผู้ป่วยนอกโรคเบาหวาน มารับบริการในศสม.และรพ.สต.เทียบกับโรงพยาบาลแม่ข่าย,2566,moo,empty,0,
3b0f5194bbc864b6f26adfe08da8a981,สัดส่วนผู้ป่วยนอกโรคเบาหวาน มารับบริการในศสม.และรพ.สต.เทียบกับโรงพยาบาลแม่ข่าย,2567,moo,empty,0,
3b0f5194bbc864b6f26adfe08da8a981,สัดส่วนผู้ป่วยนอกโรคเบาหวาน มารับบริการในศสม.และรพ.สต.เทียบกับโรงพยาบาลแม่ข่าย,2568,moo,empty,0,
3b0f5194bbc864b6f26adfe08da8a981,สัดส่วนผู้ป่วยนอกโรคเบาหวาน มารับบริการในศสม.และรพ.สต.เทียบกับโรงพยาบาลแม่ข่าย,2569,moo,empty,0,
848b5045eab655b7be0069efcc445dd9,ร้อยละผู้ป่วยนอกโรคเบาหวาน ที่มารับบริการในศสม.และรพ.สต.มีผลการควบคุมโรคเบาหวาน ตามเกณฑ์,2565,provider,empty,0,
848b5045eab655b7be0069efcc445dd9,ร้อยละผู้ป่วยนอกโรคเบาหวาน ที่มารับบริการในศสม.และรพ.สต.มีผลการควบคุมโรคเบาหวาน ตามเกณฑ์,2566,provider,empty,0,
848b5045eab655b7be0069efcc445dd9,ร้อยละผู้ป่วยนอกโรคเบาหวาน ที่มารับบริการในศสม.และรพ.สต.มีผลการควบคุมโรคเบาหวาน ตามเกณฑ์,2567,provider,empty,0,
848b5045eab655b7be0069efcc445dd9,ร้อยละผู้ป่วยนอกโรคเบาหวาน ที่มารับบริการในศสม.และรพ.สต.มีผลการควบคุมโรคเบาหวาน ตามเกณฑ์,2568,provider,empty,0,
848b5045eab655b7be0069efcc445dd9,ร้อยละผู้ป่วยนอกโรคเบาหวาน ที่มารับบริการในศสม.และรพ.สต.มีผลการควบคุมโรคเบาหวาน ตามเกณฑ์,2569,provider,empty,0,
82a12029ec7f57eb2e286e830f90b039,ร้อยละผู้ป่วยนอกโรคความดันโลหิตสูง ที่มารับบริการในศสม.และรพ.สต.มีผลการควบคุมความดันโลหิต ตามเกณฑ์,2565,zone,error,0,500 
82a12029ec7f57eb2e286e830f90b039,ร้อยละผู้ป่วยนอกโรคความดันโลหิตสูง ที่มารับบริการในศสม.และรพ.สต.มีผลการควบคุมความดันโลหิต ตามเกณฑ์,2566,zone,error,0,500 
82a12029ec7f57eb2e286e830f90b039,ร้อยละผู้ป่วยนอกโรคความดันโลหิตสูง ที่มารับบริการในศสม.และรพ.สต.มีผลการควบคุมความดันโลหิต ตามเกณฑ์,2567,zone,error,0,500 
82a12029ec7f57eb2e286e830f90b039,ร้อยละผู้ป่วยนอกโรคความดันโลหิตสูง ที่มารับบริการในศสม.และรพ.สต.มีผลการควบคุมความดันโลหิต ตามเกณฑ์,2568,zone,error,0,500 
82a12029ec7f57eb2e286e830f90b039,ร้อยละผู้ป่วยนอกโรคความดันโลหิตสูง ที่มารับบริการในศสม.และรพ.สต.มีผลการควบคุมความดันโลหิต ตามเกณฑ์,2569,zone,error,0,500 
df9a12ff1c86ab1b29b3e47118bcd535,ร้อยละของผู้ป่วยโรคเบาหวานและโรคความดันโลหิตสูงที่ควบคุมได้,2565,provider,ok,6,
df9a12ff1c86ab1b29b3e47118bcd535,ร้อยละของผู้ป่วยโรคเบาหวานและโรคความดันโลหิตสูงที่ควบคุมได้,2566,provider,ok,6,
df9a12ff1c86ab1b29b3e47118bcd535,ร้อยละของผู้ป่วยโรคเบาหวานและโรคความดันโลหิตสูงที่ควบคุมได้,2567,provider,ok,6,
df9a12ff1c86ab1b29b3e47118bcd535,ร้อยละของผู้ป่วยโรคเบาหวานและโรคความดันโลหิตสูงที่ควบคุมได้,2568,provider,ok,6,
df9a12ff1c86ab1b29b3e47118bcd535,ร้อยละของผู้ป่วยโรคเบาหวานและโรคความดันโลหิตสูงที่ควบคุมได้,2569,provider,ok,6,
f140502196c78b4a5c6a379f0d2a769f,ความชุกของผู้สูบบุหรี่ของประชากรไทย อายุ 15 ปีขึ้นไป,2565,provider,ok,3,
f140502196c78b4a5c6a379f0d2a769f,ความชุกของผู้สูบบุหรี่ของประชากรไทย อายุ 15 ปีขึ้นไป,2566,provider,ok,3,
f140502196c78b4a5c6a379f0d2a769f,ความชุกของผู้สูบบุหรี่ของประชากรไทย อายุ 15 ปีขึ้นไป,2567,provider,ok,3,
f140502196c78b4a5c6a379f0d2a769f,ความชุกของผู้สูบบุหรี่ของประชากรไทย อายุ 15 ปีขึ้นไป,2568,provider,ok,3,
f140502196c78b4a5c6a379f0d2a769f,ความชุกของผู้สูบบุหรี่ของประชากรไทย อายุ 15 ปีขึ้นไป,2569,provider,ok,3,
df9f540b5d9e30948ffa2d0f4fd88a82,การเฝ้าระวังอัตราการคลอดมีชีพในหญิงอายุ 10-14 ปี,2565,provider,ok,15,
df9f540b5d9e30948ffa2d0f4fd88a82,การเฝ้าระวังอัตราการคลอดมีชีพในหญิงอายุ 10-14 ปี,2566,provider,ok,15,
df9f540b5d9e30948ffa2d0f4fd88a82,การเฝ้าระวังอัตราการคลอดมีชีพในหญิงอายุ 10-14 ปี,2567,provider,ok,15,
df9f540b5d9e30948ffa2d0f4fd88a82,การเฝ้าระวังอัตราการคลอดมีชีพในหญิงอายุ 10-14 ปี,2568,provider,ok,15,
df9f540b5d9e30948ffa2d0f4fd88a82,การเฝ้าระวังอัตราการคลอดมีชีพในหญิงอายุ 10-14 ปี,2569,provider,ok,15,
1336d766d29c4a739ed33ff9f4e79d83,การเฝ้าระวังอัตราการคลอดมีชีพในหญิงอายุ 15-19 ปี,2565,provider,ok,15,
1336d766d29c4a739ed33ff9f4e79d83,การเฝ้าระวังอัตราการคลอดมีชีพในหญิงอายุ 15-19 ปี,2566,provider,ok,15,
1336d766d29c4a739ed33ff9f4e79d83,การเฝ้าระวังอัตราการคลอดมีชีพในหญิงอายุ 15-19 ปี,2567,provider,ok,15,
1336d766d29c4a739ed33ff9f4e79d83,การเฝ้าระวังอัตราการคลอดมีชีพในหญิงอายุ 15-19 ปี,2568,provider,ok,15,
1336d766d29c4a739ed33ff9f4e79d83,การเฝ้าระวังอัตราการคลอดมีชีพในหญิงอายุ 15-19 ปี,2569,provider,ok,15,
4164a7c49fcb2b8c3ccca67dcdf28bd0,ร้อยละของเด็กแรกเกิด - ต่ำกว่า 6 เดือน กินนมแม่อย่างเดียว,2565,provider,ok,11,
4164a7c49fcb2b8c3ccca67dcdf28bd0,ร้อยละของเด็กแรกเกิด - ต่ำกว่า 6 เดือน กินนมแม่อย่างเดียว,2566,provider,ok,11,
4164a7c49fcb2b8c3ccca67dcdf28bd0,ร้อยละของเด็กแรกเกิด - ต่ำกว่า 6 เดือน กินนมแม่อย่างเดียว,2567,provider,ok,11,
4164a7c49fcb2b8c3ccca67dcdf28bd0,ร้อยละของเด็กแรกเกิด - ต่ำกว่า 6 เดือน กินนมแม่อย่างเดียว,2568,provider,ok,11,
4164a7c49fcb2b8c3ccca67dcdf28bd0,ร้อยละของเด็กแรกเกิด - ต่ำกว่า 6 เดือน กินนมแม่อย่างเดียว,2569,provider,ok,11,
422edc9d4d81d5c943a8ca9029f20e78,ร้อยละหญิงตั้งครรภ์ ที่มารับบริการในหน่วยบริการ ได้รับยาเม็ดที่มีส่วนประกอบของไอโอดีน (Workload),2565,provider,ok,15,
422edc9d4d81d5c943a8ca9029f20e78,ร้อยละหญิงตั้งครรภ์ ที่มารับบริการในหน่วยบริการ ได้รับยาเม็ดที่มีส่วนประกอบของไอโอดีน (Workload),2566,provider,ok,15,
422edc9d4d81d5c943a8ca9029f20e78,ร้อยละหญิงตั้งครรภ์ ที่มารับบริการในหน่วยบริการ ได้รับยาเม็ดที่มีส่วนประกอบของไอโอดีน (Workload),2567,provider,ok,15,
422edc9d4d81d5c943a8ca9029f20e78,ร้อยละหญิงตั้งครรภ์ ที่มารับบริการในหน่วยบริการ ได้รับยาเม็ดที่มีส่วนประกอบของไอโอดีน (Workload),2568,provider,ok,15,
422edc9d4d81d5c943a8ca9029f20e78,ร้อยละหญิงตั้งครรภ์ ที่มารับบริการในหน่วยบริการ ได้รับยาเม็ดที่มีส่วนประกอบของไอโอดีน (Workload),2569,provider,ok,15,
67e41dbb1ce5d844d49f6b7b10e30d01,ร้อยละของเด็กอายุ 0 - 5 ปี สูงดีสมส่วน และส่วนสูงเฉลี่ยที่อายุ 5 ปี,2565,provider,ok,51,
67e41dbb1ce5d844d49f6b7b10e30d01,ร้อยละของเด็กอายุ 0 - 5 ปี สูงดีสมส่วน และส่วนสูงเฉลี่ยที่อายุ 5 ปี,2566,provider,ok,51,
67e41dbb1ce5d844d49f6b7b10e30d01,ร้อยละของเด็กอายุ 0 - 5 ปี สูงดีสมส่วน และส่วนสูงเฉลี่ยที่อายุ 5 ปี,2567,provider,ok,51,
67e41dbb1ce5d844d49f6b7b10e30d01,ร้อยละของเด็กอายุ 0 - 5 ปี สูงดีสมส่วน และส่วนสูงเฉลี่ยที่อายุ 5 ปี,2568,provider,ok,51,
67e41dbb1ce5d844d49f6b7b10e30d01,ร้อยละของเด็กอายุ 0 - 5 ปี สูงดีสมส่วน และส่วนสูงเฉลี่ยที่อายุ 5 ปี,2569,provider,ok,51,
e28682b2718e6cc82b8dbb3e00f2e28e,ร้อยละของเด็กอายุ 6 - 14 ปี สูงดีสมส่วน และส่วนสูงเฉลี่ยที่อายุ 12 ปี,2565,provider,ok,58,
e28682b2718e6cc82b8dbb3e00f2e28e,ร้อยละของเด็กอายุ 6 - 14 ปี สูงดีสมส่วน และส่วนสูงเฉลี่ยที่อายุ 12 ปี,2566,provider,ok,58,
e28682b2718e6cc82b8dbb3e00f2e28e,ร้อยละของเด็กอายุ 6 - 14 ปี สูงดีสมส่วน และส่วนสูงเฉลี่ยที่อายุ 12 ปี,2567,provider,ok,58,
e28682b2718e6cc82b8dbb3e00f2e28e,ร้อยละของเด็กอายุ 6 - 14 ปี สูงดีสมส่วน และส่วนสูงเฉลี่ยที่อายุ 12 ปี,2568,provider,ok,58,
e28682b2718e6cc82b8dbb3e00f2e28e,ร้อยละของเด็กอายุ 6 - 14 ปี สูงดีสมส่วน และส่วนสูงเฉลี่ยที่อายุ 12 ปี,2569,provider,ok,58,
9b019d9cc12576000e6e84acfb9ad7f0,ร้อยละวัยรุ่น 15-18 ปี สูงดีสมส่วน  และส่วนสูงเฉลี่ยที่อายุ 18 ปี,2565,provider,ok,58,
9b019d9cc12576000e6e84acfb9ad7f0,ร้อยละวัยรุ่น 15-18 ปี สูงดีสมส่วน  และส่วนสูงเฉลี่ยที่อายุ 18 ปี,2566,provider,ok,58,
9b019d9cc12576000e6e84acfb9ad7f0,ร้อยละวัยรุ่น 15-18 ปี สูงดีสมส่วน  และส่วนสูงเฉลี่ยที่อายุ 18 ปี,2567,provider,ok,58,
9b019d9cc12576000e6e84acfb9ad7f0,ร้อยละวัยรุ่น 15-18 ปี สูงดีสมส่วน  และส่วนสูงเฉลี่ยที่อายุ 18 ปี,2568,provider,ok,58,
9b019d9cc12576000e6e84acfb9ad7f0,ร้อยละวัยรุ่น 15-18 ปี สูงดีสมส่วน  และส่วนสูงเฉลี่ยที่อายุ 18 ปี,2569,provider,ok,58,
4f7d8042fb0a064b25f29a48f6ccd23f,ร้อยละของการตั้งครรภ์ซ้ำในหญิงอายุน้อยกว่า 20 ปี,2565,provider,ok,39,
4f7d8042fb0a064b25f29a48f6ccd23f,ร้อยละของการตั้งครรภ์ซ้ำในหญิงอายุน้อยกว่า 20 ปี,2566,provider,ok,39,
4f7d8042fb0a064b25f29a48f6ccd23f,ร้อยละของการตั้งครรภ์ซ้ำในหญิงอายุน้อยกว่า 20 ปี,2567,provider,ok,39,
4f7d8042fb0a064b25f29a48f6ccd23f,ร้อยละของการตั้งครรภ์ซ้ำในหญิงอายุน้อยกว่า 20 ปี,2568,provider,ok,39,
4f7d8042fb0a064b25f29a48f6ccd23f,ร้อยละของการตั้งครรภ์ซ้ำในหญิงอายุน้อยกว่า 20 ปี,2569,provider,ok,39,
e2d0b1a802a956529b7d1d0f9516313f,ร้อยละของประชากรวัยทำงานอายุ 30-44 ปี มีค่าดัชนีมวลกายปกติ,2565,provider,ok,11,
e2d0b1a802a956529b7d1d0f9516313f,ร้อยละของประชากรวัยทำงานอายุ 30-44 ปี มีค่าดัชนีมวลกายปกติ,2566,provider,ok,11,
e2d0b1a802a956529b7d1d0f9516313f,ร้อยละของประชากรวัยทำงานอายุ 30-44 ปี มีค่าดัชนีมวลกายปกติ,2567,provider,ok,11,
e2d0b1a802a956529b7d1d0f9516313f,ร้อยละของประชากรวัยทำงานอายุ 30-44 ปี มีค่าดัชนีมวลกายปกติ,2568,provider,ok,11,
e2d0b1a802a956529b7d1d0f9516313f,ร้อยละของประชากรวัยทำงานอายุ 30-44 ปี มีค่าดัชนีมวลกายปกติ,2569,provider,ok,11,
0317b7abf99b89c45555e97e19c4cb21,OHSP ร้อยละของผู้สูงอายุ ที่มีฟันแท้ใช้งานได้ไม่น้อยกว่า 20 ซี่,2565,provider,ok,5,
0317b7abf99b89c45555e97e19c4cb21,OHSP ร้อยละของผู้สูงอายุ ที่มีฟันแท้ใช้งานได้ไม่น้อยกว่า 20 ซี่,2566,provider,ok,5,
0317b7abf99b89c45555e97e19c4cb21,OHSP ร้อยละของผู้สูงอายุ ที่มีฟันแท้ใช้งานได้ไม่น้อยกว่า 20 ซี่,2567,provider,ok,5,
0317b7abf99b89c45555e97e19c4cb21,OHSP ร้อยละของผู้สูงอายุ ที่มีฟันแท้ใช้งานได้ไม่น้อยกว่า 20 ซี่,2568,provider,ok,5,
0317b7abf99b89c45555e97e19c4cb21,OHSP ร้อยละของผู้สูงอายุ ที่มีฟันแท้ใช้งานได้ไม่น้อยกว่า 20 ซี่,2569,provider,ok,5,
795a4a9ce9dc5906f7a3c866ec363913,การคัดกรองความเครียด(ST-5)ในผู้ป่วยโรคเรื้อรัง,2565,provider,ok,12,
795a4a9ce9dc5906f7a3c866ec363913,การคัดกรองความเครียด(ST-5)ในผู้ป่วยโรคเรื้อรัง,2566,provider,ok,12,
795a4a9ce9dc5906f7a3c866ec363913,การคัดกรองความเครียด(ST-5)ในผู้ป่วยโรคเรื้อรัง,2567,provider,ok,12,
795a4a9ce9dc5906f7a3c866ec363913,การคัดกรองความเครียด(ST-5)ในผู้ป่วยโรคเรื้อรัง,2568,provider,ok,12,
795a4a9ce9dc5906f7a3c866ec363913,การคัดกรองความเครียด(ST-5)ในผู้ป่วยโรคเรื้อรัง,2569,provider,ok,12,
7f4ebb6d63d2e3568f12c20e9a55b27a,การคัดกรองความเครียด(ST-5)ในหญิงตั้งครรภ์,2565,provider,ok,13,
7f4ebb6d63d2e3568f12c20e9a55b27a,การคัดกรองความเครียด(ST-5)ในหญิงตั้งครรภ์,2566,provider,ok,13,
7f4ebb6d63d2e3568f12c20e9a55b27a,การคัดกรองความเครียด(ST-5)ในหญิงตั้งครรภ์,2567,provider,ok,13,
7f4ebb6d63d2e3568f12c20e9a55b27a,การคัดกรองความเครียด(ST-5)ในหญิงตั้งครรภ์,2568,provider,ok,13,
7f4ebb6d63d2e3568f12c20e9a55b27a,การคัดกรองความเครียด(ST-5)ในหญิงตั้งครรภ์,2569,provider,ok,13,
7bd56fb9f20abea2eb72dfca24155e6a,การคัดกรองความเครียด(ST-5)ในกลุ่มผู้สูงอายุ,2565,provider,ok,21,
7bd56fb9f20abea2eb72dfca24155e6a,การคัดกรองความเครียด(ST-5)ในกลุ่มผู้สูงอายุ,2566,provider,ok,21,
7bd56fb9f20abea2eb72dfca24155e6a,การคัดกรองความเครียด(ST-5)ในกลุ่มผู้สูงอายุ,2567,provider,ok,21,
7bd56fb9f20abea2eb72dfca24155e6a,การคัดกรองความเครียด(ST-5)ในกลุ่มผู้สูงอายุ,2568,provider,ok,21,
7bd56fb9f20abea2eb72dfca24155e6a,การคัดกรองความเครียด(ST-5)ในกลุ่มผู้สูงอายุ,2569,provider,ok,21,
234d24523894e656f33260494dddd968,การคัดกรองโรคซึมเศร้า (2Q) ในผู้ป่วยโรคเรื้อรัง,2565,provider,ok,9,
234d24523894e656f33260494dddd968,การคัดกรองโรคซึมเศร้า (2Q) ในผู้ป่วยโรคเรื้อรัง,2566,provider,ok,9,
234d24523894e656f33260494dddd968,การคัดกรองโรคซึมเศร้า (2Q) ในผู้ป่วยโรคเรื้อรัง,2567,provider,ok,9,
234d24523894e656f33260494dddd968,การคัดกรองโรคซึมเศร้า (2Q) ในผู้ป่วยโรคเรื้อรัง,2568,provider,ok,9,
234d24523894e656f33260494dddd968,การคัดกรองโรคซึมเศร้า (2Q) ในผู้ป่วยโรคเรื้อรัง,2569,provider,ok,9,
a1178e45c0788dd30dc9361569b6a5cd,การคัดกรองโรคซึมเศร้า (2Q) ในหญิงตั้งครรภ์,2565,provider,ok,11,
a1178e45c0788dd30dc9361569b6a5cd,การคัดกรองโรคซึมเศร้า (2Q) ในหญิงตั้งครรภ์,2566,provider,ok,11,
a1178e45c0788dd30dc9361569b6a5cd,การคัดกรองโรคซึมเศร้า (2Q) ในหญิงตั้งครรภ์,2567,provider,ok,11,
a1178e45c0788dd30dc9361569b6a5cd,การคัดกรองโรคซึมเศร้า (2Q) ในหญิงตั้งครรภ์,2568,provider,ok,11,
a1178e45c0788dd30dc9361569b6a5cd,การคัดกรองโรคซึมเศร้า (2Q) ในหญิงตั้งครรภ์,2569,provider,ok,11,
8f104b5d2848b8a05a487205f0287991,การคัดกรองโรคซึมเศร้า (2Q) ในกลุ่มผู้สูงอายุ,2565,provider,ok,19,
8f104b5d2848b8a05a487205f0287991,การคัดกรองโรคซึมเศร้า (2Q) ในกลุ่มผู้สูงอายุ,2566,provider,ok,19,
8f104b5d2848b8a05a487205f0287991,การคัดกรองโรคซึมเศร้า (2Q) ในกลุ่มผู้สูงอายุ,2567,provider,ok,19,
8f104b5d2848b8a05a487205f0287991,การคัดกรองโรคซึมเศร้า (2Q) ในกลุ่มผู้สูงอายุ,2568,provider,ok,19,
8f104b5d2848b8a05a487205f0287991,การคัดกรองโรคซึมเศร้า (2Q) ในกลุ่มผู้สูงอายุ,2569,provider,ok,19,
46a3841a0ccaca9ac890bd891e30848f,การประเมินโรคซึมเศร้า (9Q) ในผู้ป่วยโรคเรื้อรัง,2565,provider,ok,18,
46a3841a0ccaca9ac890bd891e30848f,การประเมินโรคซึมเศร้า (9Q) ในผู้ป่วยโรคเรื้อรัง,2566,provider,ok,18,
46a3841a0ccaca9ac890bd891e30848f,การประเมินโรคซึมเศร้า (9Q) ในผู้ป่วยโรคเรื้อรัง,2567,provider,ok,18,
46a3841a0ccaca9ac890bd891e30848f,การประเมินโรคซึมเศร้า (9Q) ในผู้ป่วยโรคเรื้อรัง,2568,provider,ok,18,
46a3841a0ccaca9ac890bd891e30848f,การประเมินโรคซึมเศร้า (9Q) ในผู้ป่วยโรคเรื้อรัง,2569,provider,ok,18,
94b8a5d737d96ce04ea82f6aca6a7068,การประเมินโรคซึมเศร้า (9Q) ในหญิงตั้งครรภ์,2565,provider,ok,15,
94b8a5d737d96ce04ea82f6aca6a7068,การประเมินโรคซึมเศร้า (9Q) ในหญิงตั้งครรภ์,2566,provider,ok,15,
94b8a5d737d96ce04ea82f6aca6a7068,การประเมินโรคซึมเศร้า (9Q) ในหญิงตั้งครรภ์,2567,provider,ok,15,
94b8a5d737d96ce04ea82f6aca6a7068,การประเมินโรคซึมเศร้า (9Q) ในหญิงตั้งครรภ์,2568,provider,ok,15,
94b8a5d737d96ce04ea82f6aca6a7068,การประเมินโรคซึมเศร้า (9Q) ในหญิงตั้งครรภ์,2569,provider,ok,15,
1cabe82729905e268bb97fed7cb117dd,การประเมินโรคซึมเศร้า (9Q) ในกลุ่มผู้สูงอายุ,2565,provider,ok,25,
1cabe82729905e268bb97fed7cb117dd,การประเมินโรคซึมเศร้า (9Q) ในกลุ่มผู้สูงอายุ,2566,provider,ok,25,
1cabe82729905e268bb97fed7cb117dd,การประเมินโรคซึมเศร้า (9Q) ในกลุ่มผู้สูงอายุ,2567,provider,ok,25,
1cabe82729905e268bb97fed7cb117dd,การประเมินโรคซึมเศร้า (9Q) ในกลุ่มผู้สูงอายุ,2568,provider,ok,25,
1cabe82729905e268bb97fed7cb117dd,การประเมินโรคซึมเศร้า (9Q) ในกลุ่มผู้สูงอายุ,2569,provider,ok,25,
49e6c2e9fb9ee2deb0639680325cfbcd,การประเมินการฆ่าตัวตาย (8Q) ในผู้ป่วยโรคเรื้อรัง,2565,provider,ok,18,
49e6c2e9fb9ee2deb0639680325cfbcd,การประเมินการฆ่าตัวตาย (8Q) ในผู้ป่วยโรคเรื้อรัง,2566,provider,ok,18,
49e6c2e9fb9ee2deb0639680325cfbcd,การประเมินการฆ่าตัวตาย (8Q) ในผู้ป่วยโรคเรื้อรัง,2567,provider,ok,18,
49e6c2e9fb9ee2deb0639680325cfbcd,การประเมินการฆ่าตัวตาย (8Q) ในผู้ป่วยโรคเรื้อรัง,2568,provider,ok,18,
49e6c2e9fb9ee2deb0639680325cfbcd,การประเมินการฆ่าตัวตาย (8Q) ในผู้ป่วยโรคเรื้อรัง,2569,provider,ok,18,
3d14b2605c124a5013c1fb508a26c915,การประเมินการฆ่าตัวตาย (8Q) ในหญิงตั้งครรภ์,2565,provider,ok,15,
3d14b2605c124a5013c1fb508a26c915,การประเมินการฆ่าตัวตาย (8Q) ในหญิงตั้งครรภ์,2566,provider,ok,15,
3d14b2605c124a5013c1fb508a26c915,การประเมินการฆ่าตัวตาย (8Q) ในหญิงตั้งครรภ์,2567,provider,ok,15,
3d14b2605c124a5013c1fb508a26c915,การประเมินการฆ่าตัวตาย (8Q) ในหญิงตั้งครรภ์,2568,provider,ok,15,
3d14b2605c124a5013c1fb508a26c915,การประเมินการฆ่าตัวตาย (8Q) ในหญิงตั้งครรภ์,2569,provider,ok,15,
ba59f01298b420b859a93124cc250d41,การประเมินการฆ่าตัวตาย (8Q) ในกลุ่มผู้สูงอายุ,2565,provider,ok,25,
ba59f01298b420b859a93124cc250d41,การประเมินการฆ่าตัวตาย (8Q) ในกลุ่มผู้สูงอายุ,2566,provider,ok,25,
ba59f01298b420b859a93124cc250d41,การประเมินการฆ่าตัวตาย (8Q) ในกลุ่มผู้สูงอายุ,2567,provider,ok,25,
ba59f01298b420b859a93124cc250d41,การประเมินการฆ่าตัวตาย (8Q) ในกลุ่มผู้สูงอายุ,2568,provider,ok,25,
ba59f01298b420b859a93124cc250d41,การประเมินการฆ่าตัวตาย (8Q) ในกลุ่มผู้สูงอายุ,2569,provider,ok,25,
eb89da75dadb58d78484b3b54bf58de4,การประเมินการฆ่าตัวตาย (8Q) ในกลุ่มผู้สูงอายุจาก 2Q Plus เสี่ยงต่อการฆ่าตัวตาย,2565,provider,ok,13,
eb89da75dadb58d78484b3b54bf58de4,การประเมินการฆ่าตัวตาย (8Q) ในกลุ่มผู้สูงอายุจาก 2Q Plus เสี่ยงต่อการฆ่าตัวตาย,2566,provider,ok,13,
eb89da75dadb58d78484b3b54bf58de4,การประเมินการฆ่าตัวตาย (8Q) ในกลุ่มผู้สูงอายุจาก 2Q Plus เสี่ยงต่อการฆ่าตัวตาย,2567,provider,ok,13,
eb89da75dadb58d78484b3b54bf58de4,การประเมินการฆ่าตัวตาย (8Q) ในกลุ่มผู้สูงอายุจาก 2Q Plus เสี่ยงต่อการฆ่าตัวตาย,2568,provider,ok,13,
eb89da75dadb58d78484b3b54bf58de4,การประเมินการฆ่าตัวตาย (8Q) ในกลุ่มผู้สูงอายุจาก 2Q Plus เสี่ยงต่อการฆ่าตัวตาย,2569,provider,ok,13,
308526013808e90ce8f30d66e3b5ad82,อัตราการคัดกรองมะเร็งเต้านมในสตรีอายุ 30 – 70 ปี,2565,provider,ok,7,
308526013808e90ce8f30d66e3b5ad82,อัตราการคัดกรองมะเร็งเต้านมในสตรีอายุ 30 – 70 ปี,2566,provider,ok,7,
308526013808e90ce8f30d66e3b5ad82,อัตราการคัดกรองมะเร็งเต้านมในสตรีอายุ 30 – 70 ปี,2567,provider,ok,7,
308526013808e90ce8f30d66e3b5ad82,อัตราการคัดกรองมะเร็งเต้านมในสตรีอายุ 30 – 70 ปี,2568,provider,ok,7,
308526013808e90ce8f30d66e3b5ad82,อัตราการคัดกรองมะเร็งเต้านมในสตรีอายุ 30 – 70 ปี,2569,provider,ok,7,
c0cb85481f434d563be6ec98a01cbb92,อัตราการคัดกรองมะเร็งปากมดลูกในสตรีไทย อายุ 30-60 ปี,2565,ampur,ok,9,
c0cb85481f434d563be6ec98a01cbb92,อัตราการคัดกรองมะเร็งปากมดลูกในสตรีไทย อายุ 30-60 ปี,2566,ampur,ok,9,
c0cb85481f434d563be6ec98a01cbb92,อัตราการคัดกรองมะเร็งปากมดลูกในสตรีไทย อายุ 30-60 ปี,2567,ampur,ok,9,
c0cb85481f434d563be6ec98a01cbb92,อัตราการคัดกรองมะเร็งปากมดลูกในสตรีไทย อายุ 30-60 ปี,2568,ampur,ok,9,
c0cb85481f434d563be6ec98a01cbb92,อัตราการคัดกรองมะเร็งปากมดลูกในสตรีไทย อายุ 30-60 ปี,2569,ampur,ok,9,
825c7fbfdbde936cf821a9b16dc4189b,อัตราป่วยโรคมะเร็งเต้านมต่อประชากร,2565,provider,ok,18,
825c7fbfdbde936cf821a9b16dc4189b,อัตราป่วยโรคมะเร็งเต้านมต่อประชากร,2566,provider,ok,18,
825c7fbfdbde936cf821a9b16dc4189b,อัตราป่วยโรคมะเร็งเต้านมต่อประชากร,2567,provider,ok,18,
825c7fbfdbde936cf821a9b16dc4189b,อัตราป่วยโรคมะเร็งเต้านมต่อประชากร,2568,provider,ok,18,
825c7fbfdbde936cf821a9b16dc4189b,อัตราป่วยโรคมะเร็งเต้านมต่อประชากร,2569,provider,ok,18,
f3a9cabcd1b83af2ad8d8db6d9b6735c,อัตราป่วยโรคมะเร็งปากมดลูกต่อประชากร,2565,provider,ok,18,
f3a9cabcd1b83af2ad8d8db6d9b6735c,อัตราป่วยโรคมะเร็งปากมดลูกต่อประชากร,2566,provider,ok,18,
f3a9cabcd1b83af2ad8d8db6d9b6735c,อัตราป่วยโรคมะเร็งปากมดลูกต่อประชากร,2567,provider,ok,18,
f3a9cabcd1b83af2ad8d8db6d9b6735c,อัตราป่วยโรคมะเร็งปากมดลูกต่อประชากร,2568,provider,ok,18,
f3a9cabcd1b83af2ad8d8db6d9b6735c,อัตราป่วยโรคมะเร็งปากมดลูกต่อประชากร,2569,provider,ok,18,
cc87b3c4d8148e441447a387c3e070af,อัตราป่วยโรคมะเร็งปอดต่อประชากร,2565,provider,ok,18,
cc87b3c4d8148e441447a387c3e070af,อัตราป่วยโรคมะเร็งปอดต่อประชากร,2566,provider,ok,18,
cc87b3c4d8148e441447a387c3e070af,อัตราป่วยโรคมะเร็งปอดต่อประชากร,2567,provider,ok,18,
cc87b3c4d8148e441447a387c3e070af,อัตราป่วยโรคมะเร็งปอดต่อประชากร,2568,provider,ok,18,
cc87b3c4d8148e441447a387c3e070af,อัตราป่วยโรคมะเร็งปอดต่อประชากร,2569,provider,ok,18,
c9368ec68b5aae4446b802ef018796c7,ร้อยละของประชากรกลุ่มเป้าหมายได้รับการคัดกรองมะเร็งลำไส้ใหญ่และลำไส้ตรง,2565,province,ok,108,
c9368ec68b5aae4446b802ef018796c7,ร้อยละของประชากรกลุ่มเป้าหมายได้รับการคัดกรองมะเร็งลำไส้ใหญ่และลำไส้ตรง,2566,province,ok,108,
c9368ec68b5aae4446b802ef018796c7,ร้อยละของประชากรกลุ่มเป้าหมายได้รับการคัดกรองมะเร็งลำไส้ใหญ่และลำไส้ตรง,2567,province,ok,108,
c9368ec68b5aae4446b802ef018796c7,ร้อยละของประชากรกลุ่มเป้าหมายได้รับการคัดกรองมะเร็งลำไส้ใหญ่และลำไส้ตรง,2568,province,ok,108,
c9368ec68b5aae4446b802ef018796c7,ร้อยละของประชากรกลุ่มเป้าหมายได้รับการคัดกรองมะเร็งลำไส้ใหญ่และลำไส้ตรง,2569,province,ok,108,
9844395374ca85817d6a4633c46e1381,ผลการคัดกรองมะเร็งลำไส้ใหญ่และลำไส้ตรงด้วยวิธี FIT test  (workload),2565,provider,ok,25,
9844395374ca85817d6a4633c46e1381,ผลการคัดกรองมะเร็งลำไส้ใหญ่และลำไส้ตรงด้วยวิธี FIT test  (workload),2566,provider,ok,25,
9844395374ca85817d6a4633c46e1381,ผลการคัดกรองมะเร็งลำไส้ใหญ่และลำไส้ตรงด้วยวิธี FIT test  (workload),2567,provider,ok,25,
9844395374ca85817d6a4633c46e1381,ผลการคัดกรองมะเร็งลำไส้ใหญ่และลำไส้ตรงด้วยวิธี FIT test  (workload),2568,provider,ok,25,
9844395374ca85817d6a4633c46e1381,ผลการคัดกรองมะเร็งลำไส้ใหญ่และลำไส้ตรงด้วยวิธี FIT test  (workload),2569,provider,ok,25,
418f57ddbe3ed52648ffb3a34a91eb66,จำนวนการรับบริการส่องกล้องเพื่อตรวจหามะเร็งลำไส้ใหญ่และลำไส้ตรง (work load),2565,provider,ok,55,
418f57ddbe3ed52648ffb3a34a91eb66,จำนวนการรับบริการส่องกล้องเพื่อตรวจหามะเร็งลำไส้ใหญ่และลำไส้ตรง (work load),2566,provider,ok,55,
418f57ddbe3ed52648ffb3a34a91eb66,จำนวนการรับบริการส่องกล้องเพื่อตรวจหามะเร็งลำไส้ใหญ่และลำไส้ตรง (work load),2567,provider,ok,55,
418f57ddbe3ed52648ffb3a34a91eb66,จำนวนการรับบริการส่องกล้องเพื่อตรวจหามะเร็งลำไส้ใหญ่และลำไส้ตรง (work load),2568,provider,ok,55,
418f57ddbe3ed52648ffb3a34a91eb66,จำนวนการรับบริการส่องกล้องเพื่อตรวจหามะเร็งลำไส้ใหญ่และลำไส้ตรง (work load),2569,provider,ok,55,
7e1e06b69c142d489ef8155eb291b5ed,รายงานผลการคัดกรองมะเร็งปากมดลูก ด้วยวิธี HPV DNA Test,2565,province,ok,18,
7e1e06b69c142d489ef8155eb291b5ed,รายงานผลการคัดกรองมะเร็งปากมดลูก ด้วยวิธี HPV DNA Test,2566,province,ok,18,
7e1e06b69c142d489ef8155eb291b5ed,รายงานผลการคัดกรองมะเร็งปากมดลูก ด้วยวิธี HPV DNA Test,2567,province,ok,18,
7e1e06b69c142d489ef8155eb291b5ed,รายงานผลการคัดกรองมะเร็งปากมดลูก ด้วยวิธี HPV DNA Test,2568,province,ok,18,
7e1e06b69c142d489ef8155eb291b5ed,รายงานผลการคัดกรองมะเร็งปากมดลูก ด้วยวิธี HPV DNA Test,2569,province,ok,18,
de7pcg6hzuf308pq25gko,จํานวนผู้ที่ได้รับการตรวจคัดกรองโรคไวรัสตับอักเสบ ซี,2565,provider,error,0,500 
de7pcg6hzuf308pq25gko,จํานวนผู้ที่ได้รับการตรวจคัดกรองโรคไวรัสตับอักเสบ ซี,2566,provider,error,0,500 
de7pcg6hzuf308pq25gko,จํานวนผู้ที่ได้รับการตรวจคัดกรองโรคไวรัสตับอักเสบ ซี,2567,provider,error,0,500 
de7pcg6hzuf308pq25gko,จํานวนผู้ที่ได้รับการตรวจคัดกรองโรคไวรัสตับอักเสบ ซี,2568,provider,ok,39,
de7pcg6hzuf308pq25gko,จํานวนผู้ที่ได้รับการตรวจคัดกรองโรคไวรัสตับอักเสบ ซี,2569,provider,ok,39,
vXun66qwB9MRZyQ2OPFsv,จำนวนผู้ป่วยโรคไวรัสตับอักเสบ บี รายใหม่ (วินิจฉัยใหม่),2565,provider,ok,56,
vXun66qwB9MRZyQ2OPFsv,จำนวนผู้ป่วยโรคไวรัสตับอักเสบ บี รายใหม่ (วินิจฉัยใหม่),2566,provider,ok,56,
vXun66qwB9MRZyQ2OPFsv,จำนวนผู้ป่วยโรคไวรัสตับอักเสบ บี รายใหม่ (วินิจฉัยใหม่),2567,provider,ok,56,
vXun66qwB9MRZyQ2OPFsv,จำนวนผู้ป่วยโรคไวรัสตับอักเสบ บี รายใหม่ (วินิจฉัยใหม่),2568,provider,ok,56,
vXun66qwB9MRZyQ2OPFsv,จำนวนผู้ป่วยโรคไวรัสตับอักเสบ บี รายใหม่ (วินิจฉัยใหม่),2569,provider,ok,56,
bc55c6d92dc54143b14351d4db6af201,ร้อยละของผู้ป่วยโรคไวรัสตับอักเสบ บี เรื้อรังที่ได้รับยา,2565,provider,ok,8,
bc55c6d92dc54143b14351d4db6af201,ร้อยละของผู้ป่วยโรคไวรัสตับอักเสบ บี เรื้อรังที่ได้รับยา,2566,provider,ok,8,
bc55c6d92dc54143b14351d4db6af201,ร้อยละของผู้ป่วยโรคไวรัสตับอักเสบ บี เรื้อรังที่ได้รับยา,2567,provider,ok,8,
bc55c6d92dc54143b14351d4db6af201,ร้อยละของผู้ป่วยโรคไวรัสตับอักเสบ บี เรื้อรังที่ได้รับยา,2568,provider,ok,8,
bc55c6d92dc54143b14351d4db6af201,ร้อยละของผู้ป่วยโรคไวรัสตับอักเสบ บี เรื้อรังที่ได้รับยา,2569,provider,ok,8,
hs10awwvd4c7b3gfvnqyj,จำนวนผู้ที่ได้รับการตรวจคัดกรองโรคไวรัส ตับอักเสบ บี,2565,provider,error,0,500 
hs10awwvd4c7b3gfvnqyj,จำนวนผู้ที่ได้รับการตรวจคัดกรองโรคไวรัส ตับอักเสบ บี,2566,provider,error,0,500 
hs10awwvd4c7b3gfvnqyj,จำนวนผู้ที่ได้รับการตรวจคัดกรองโรคไวรัส ตับอักเสบ บี,2567,provider,error,0,500 
hs10awwvd4c7b3gfvnqyj,จำนวนผู้ที่ได้รับการตรวจคัดกรองโรคไวรัส ตับอักเสบ บี,2568,provider,ok,39,
hs10awwvd4c7b3gfvnqyj,จำนวนผู้ที่ได้รับการตรวจคัดกรองโรคไวรัส ตับอักเสบ บี,2569,provider,ok,39,
9d18697edf96471e846a2b72e7c59f3c,จำนวนผู้ป่วยด้วยโรคไวรัสตับอักเสบ บี เรื้อรัง ที่เสียชีวิตจากโรคตับแข็งหรือโรคมะเร็งตับ,2565,provider,error,0,502 Cannot read properties of undefined (reading 'query')
9d18697edf96471e846a2b72e7c59f3c,จำนวนผู้ป่วยด้วยโรคไวรัสตับอักเสบ บี เรื้อรัง ที่เสียชีวิตจากโรคตับแข็งหรือโรคมะเร็งตับ,2566,provider,error,0,502 Cannot read properties of undefined (reading 'query')
9d18697edf96471e846a2b72e7c59f3c,จำนวนผู้ป่วยด้วยโรคไวรัสตับอักเสบ บี เรื้อรัง ที่เสียชีวิตจากโรคตับแข็งหรือโรคมะเร็งตับ,2567,provider,error,0,502 Cannot read properties of undefined (reading 'query')
9d18697edf96471e846a2b72e7c59f3c,จำนวนผู้ป่วยด้วยโรคไวรัสตับอักเสบ บี เรื้อรัง ที่เสียชีวิตจากโรคตับแข็งหรือโรคมะเร็งตับ,2568,provider,error,0,502 Cannot read properties of undefined (reading 'query')
9d18697edf96471e846a2b72e7c59f3c,จำนวนผู้ป่วยด้วยโรคไวรัสตับอักเสบ บี เรื้อรัง ที่เสียชีวิตจากโรคตับแข็งหรือโรคมะเร็งตับ,2569,provider,error,0,502 Cannot read properties of undefined (reading 'query')
5JMfoOawtLctWMz,จำนวนผู้ป่วยโรคไวรัสตับอักเสบ บีเรื้อรัง ที่ได้รับกํารวินิจฉัยว่าเป็น ตับแข็งรายใหม่,2565,provider,ok,13,
5JMfoOawtLctWMz,จำนวนผู้ป่วยโรคไวรัสตับอักเสบ บีเรื้อรัง ที่ได้รับกํารวินิจฉัยว่าเป็น ตับแข็งรายใหม่,2566,provider,ok,13,
5JMfoOawtLctWMz,จำนวนผู้ป่วยโรคไวรัสตับอักเสบ บีเรื้อรัง ที่ได้รับกํารวินิจฉัยว่าเป็น ตับแข็งรายใหม่,2567,provider,ok,13,
5JMfoOawtLctWMz,จำนวนผู้ป่วยโรคไวรัสตับอักเสบ บีเรื้อรัง ที่ได้รับกํารวินิจฉัยว่าเป็น ตับแข็งรายใหม่,2568,provider,ok,13,
5JMfoOawtLctWMz,จำนวนผู้ป่วยโรคไวรัสตับอักเสบ บีเรื้อรัง ที่ได้รับกํารวินิจฉัยว่าเป็น ตับแข็งรายใหม่,2569,provider,ok,13,
meinh9z4u4Z1cJp,จำนวนผู้ป่วยโรคไวรัสตับอักเสบ บีเรื้อรัง ที่ได้รับกํารวินิจฉัยว่าเป็น มะเร็งตับรายใหม่,2565,provider,ok,13,
meinh9z4u4Z1cJp,จำนวนผู้ป่วยโรคไวรัสตับอักเสบ บีเรื้อรัง ที่ได้รับกํารวินิจฉัยว่าเป็น มะเร็งตับรายใหม่,2566,provider,ok,13,
meinh9z4u4Z1cJp,จำนวนผู้ป่วยโรคไวรัสตับอักเสบ บีเรื้อรัง ที่ได้รับกํารวินิจฉัยว่าเป็น มะเร็งตับรายใหม่,2567,provider,ok,13,
meinh9z4u4Z1cJp,จำนวนผู้ป่วยโรคไวรัสตับอักเสบ บีเรื้อรัง ที่ได้รับกํารวินิจฉัยว่าเป็น มะเร็งตับรายใหม่,2568,provider,ok,13,
meinh9z4u4Z1cJp,จำนวนผู้ป่วยโรคไวรัสตับอักเสบ บีเรื้อรัง ที่ได้รับกํารวินิจฉัยว่าเป็น มะเร็งตับรายใหม่,2569,provider,ok,13,
018e8300951e79cfb7ddfc094cce8238,จำนวนผู้ป่วยที่ติดเชื้อไวรัสตับอักเสบซีเรื้อรังรายใหม่ในผู้ใช้สารเสพติดชนิดฉีด,2565,provider,ok,13,
018e8300951e79cfb7ddfc094cce8238,จำนวนผู้ป่วยที่ติดเชื้อไวรัสตับอักเสบซีเรื้อรังรายใหม่ในผู้ใช้สารเสพติดชนิดฉีด,2566,provider,ok,13,
018e8300951e79cfb7ddfc094cce8238,จำนวนผู้ป่วยที่ติดเชื้อไวรัสตับอักเสบซีเรื้อรังรายใหม่ในผู้ใช้สารเสพติดชนิดฉีด,2567,provider,ok,13,
018e8300951e79cfb7ddfc094cce8238,จำนวนผู้ป่วยที่ติดเชื้อไวรัสตับอักเสบซีเรื้อรังรายใหม่ในผู้ใช้สารเสพติดชนิดฉีด,2568,provider,ok,13,
018e8300951e79cfb7ddfc094cce8238,จำนวนผู้ป่วยที่ติดเชื้อไวรัสตับอักเสบซีเรื้อรังรายใหม่ในผู้ใช้สารเสพติดชนิดฉีด,2569,provider,ok,13,
5c24968b81ff4eafb5c65b0f5ffc8f39,จำนวนผู้ป่วยด้วยโรคไวรัสตับอักเสบ ซี เรื้อรัง ที่เสียชีวิตจากโรคตับแข็งหรือโรคมะเร็งตับ,2565,provider,ok,16,
5c24968b81ff4eafb5c65b0f5ffc8f39,จำนวนผู้ป่วยด้วยโรคไวรัสตับอักเสบ ซี เรื้อรัง ที่เสียชีวิตจากโรคตับแข็งหรือโรคมะเร็งตับ,2566,provider,ok,16,
5c24968b81ff4eafb5c65b0f5ffc8f39,จำนวนผู้ป่วยด้วยโรคไวรัสตับอักเสบ ซี เรื้อรัง ที่เสียชีวิตจากโรคตับแข็งหรือโรคมะเร็งตับ,2567,provider,ok,16,
5c24968b81ff4eafb5c65b0f5ffc8f39,จำนวนผู้ป่วยด้วยโรคไวรัสตับอักเสบ ซี เรื้อรัง ที่เสียชีวิตจากโรคตับแข็งหรือโรคมะเร็งตับ,2568,provider,ok,16,
5c24968b81ff4eafb5c65b0f5ffc8f39,จำนวนผู้ป่วยด้วยโรคไวรัสตับอักเสบ ซี เรื้อรัง ที่เสียชีวิตจากโรคตับแข็งหรือโรคมะเร็งตับ,2569,provider,ok,16,
YfG056gNiNqTmNu,จำนวนผู้ป่วยโรคไวรัสตับอักเสบ ซีเรื้อรัง ที่ได้รับการวินิจฉัยว่าเป็น ตับแข็งรายใหม่,2565,provider,ok,13,
YfG056gNiNqTmNu,จำนวนผู้ป่วยโรคไวรัสตับอักเสบ ซีเรื้อรัง ที่ได้รับการวินิจฉัยว่าเป็น ตับแข็งรายใหม่,2566,provider,ok,13,
YfG056gNiNqTmNu,จำนวนผู้ป่วยโรคไวรัสตับอักเสบ ซีเรื้อรัง ที่ได้รับการวินิจฉัยว่าเป็น ตับแข็งรายใหม่,2567,provider,ok,13,
YfG056gNiNqTmNu,จำนวนผู้ป่วยโรคไวรัสตับอักเสบ ซีเรื้อรัง ที่ได้รับการวินิจฉัยว่าเป็น ตับแข็งรายใหม่,2568,provider,ok,13,
YfG056gNiNqTmNu,จำนวนผู้ป่วยโรคไวรัสตับอักเสบ ซีเรื้อรัง ที่ได้รับการวินิจฉัยว่าเป็น ตับแข็งรายใหม่,2569,provider,ok,13,
YfG056gNiNqTmNu,จำนวนผู้ป่วยโรคไวรัสตับอักเสบ ซีเรื้อรัง ที่ได้รับการวินิจฉัยว่าเป็น ตับแข็งรายใหม่,2565,provider,ok,13,
YfG056gNiNqTmNu,จำนวนผู้ป่วยโรคไวรัสตับอักเสบ ซีเรื้อรัง ที่ได้รับการวินิจฉัยว่าเป็น ตับแข็งรายใหม่,2566,provider,ok,13,
YfG056gNiNqTmNu,จำนวนผู้ป่วยโรคไวรัสตับอักเสบ ซีเรื้อรัง ที่ได้รับการวินิจฉัยว่าเป็น ตับแข็งรายใหม่,2567,provider,ok,13,
YfG056gNiNqTmNu,จำนวนผู้ป่วยโรคไวรัสตับอักเสบ ซีเรื้อรัง ที่ได้รับการวินิจฉัยว่าเป็น ตับแข็งรายใหม่,2568,provider,ok,13,
YfG056gNiNqTmNu,จำนวนผู้ป่วยโรคไวรัสตับอักเสบ ซีเรื้อรัง ที่ได้รับการวินิจฉัยว่าเป็น ตับแข็งรายใหม่,2569,provider,ok,13,
d66c39bdcb0743569d12eb95ac400867,จำนวนผู้ป่วยโรคไวรัสตับอักเสบ ซีเรื้อรัง ที่ได้รับการวินิจฉัยว่าเป็นมะเร็งตับรายใหม่,2565,provider,ok,13,
d66c39bdcb0743569d12eb95ac400867,จำนวนผู้ป่วยโรคไวรัสตับอักเสบ ซีเรื้อรัง ที่ได้รับการวินิจฉัยว่าเป็นมะเร็งตับรายใหม่,2566,provider,ok,13,
d66c39bdcb0743569d12eb95ac400867,จำนวนผู้ป่วยโรคไวรัสตับอักเสบ ซีเรื้อรัง ที่ได้รับการวินิจฉัยว่าเป็นมะเร็งตับรายใหม่,2567,provider,ok,13,
d66c39bdcb0743569d12eb95ac400867,จำนวนผู้ป่วยโรคไวรัสตับอักเสบ ซีเรื้อรัง ที่ได้รับการวินิจฉัยว่าเป็นมะเร็งตับรายใหม่,2568,provider,ok,13,
d66c39bdcb0743569d12eb95ac400867,จำนวนผู้ป่วยโรคไวรัสตับอักเสบ ซีเรื้อรัง ที่ได้รับการวินิจฉัยว่าเป็นมะเร็งตับรายใหม่,2569,provider,ok,13,
vTlnrKLLUnaNadx,จํานวนผู้ป่วยโรคไวรัสตับอักเสบ ซี รายใหม่,2565,provider,ok,14,
vTlnrKLLUnaNadx,จํานวนผู้ป่วยโรคไวรัสตับอักเสบ ซี รายใหม่,2566,provider,ok,14,
vTlnrKLLUnaNadx,จํานวนผู้ป่วยโรคไวรัสตับอักเสบ ซี รายใหม่,2567,provider,ok,14,
vTlnrKLLUnaNadx,จํานวนผู้ป่วยโรคไวรัสตับอักเสบ ซี รายใหม่,2568,provider,ok,14,
vTlnrKLLUnaNadx,จํานวนผู้ป่วยโรคไวรัสตับอักเสบ ซี รายใหม่,2569,provider,ok,14,
cef2a37336604ee3b85a6ac5412b995,ร้อยละของผู้ป่วยโรคไวรัสตับอักเสบซี เรื้อรัง ที่ได้รับการรักษาจนหาย,2565,moo,empty,0,
cef2a37336604ee3b85a6ac5412b995,ร้อยละของผู้ป่วยโรคไวรัสตับอักเสบซี เรื้อรัง ที่ได้รับการรักษาจนหาย,2566,moo,empty,0,
cef2a37336604ee3b85a6ac5412b995,ร้อยละของผู้ป่วยโรคไวรัสตับอักเสบซี เรื้อรัง ที่ได้รับการรักษาจนหาย,2567,moo,empty,0,
cef2a37336604ee3b85a6ac5412b995,ร้อยละของผู้ป่วยโรคไวรัสตับอักเสบซี เรื้อรัง ที่ได้รับการรักษาจนหาย,2568,moo,empty,0,
cef2a37336604ee3b85a6ac5412b995,ร้อยละของผู้ป่วยโรคไวรัสตับอักเสบซี เรื้อรัง ที่ได้รับการรักษาจนหาย,2569,moo,empty,0,
0acbbb84a5c774c129dfc849a742d766,อัตราตายทารกแรกเกิด อายุน้อยกว่าหรือเท่ากับ 28 วัน,2565,provider,ok,3,
0acbbb84a5c774c129dfc849a742d766,อัตราตายทารกแรกเกิด อายุน้อยกว่าหรือเท่ากับ 28 วัน,2566,provider,ok,3,
0acbbb84a5c774c129dfc849a742d766,อัตราตายทารกแรกเกิด อายุน้อยกว่าหรือเท่ากับ 28 วัน,2567,provider,ok,3,
0acbbb84a5c774c129dfc849a742d766,อัตราตายทารกแรกเกิด อายุน้อยกว่าหรือเท่ากับ 28 วัน,2568,provider,ok,3,
0acbbb84a5c774c129dfc849a742d766,อัตราตายทารกแรกเกิด อายุน้อยกว่าหรือเท่ากับ 28 วัน,2569,provider,ok,3,
50617527edfd34fe8e3fc9fabac0429a,อัตราตายทารกไทยแรกเกิด อายุน้อยกว่าหรือเท่ากับ 28 วัน,2565,provider,ok,3,
50617527edfd34fe8e3fc9fabac0429a,อัตราตายทารกไทยแรกเกิด อายุน้อยกว่าหรือเท่ากับ 28 วัน,2566,provider,ok,3,
50617527edfd34fe8e3fc9fabac0429a,อัตราตายทารกไทยแรกเกิด อายุน้อยกว่าหรือเท่ากับ 28 วัน,2567,provider,ok,3,
50617527edfd34fe8e3fc9fabac0429a,อัตราตายทารกไทยแรกเกิด อายุน้อยกว่าหรือเท่ากับ 28 วัน,2568,provider,ok,3,
50617527edfd34fe8e3fc9fabac0429a,อัตราตายทารกไทยแรกเกิด อายุน้อยกว่าหรือเท่ากับ 28 วัน,2569,provider,ok,3,
677a456215365fb2ccf43dc5dc8c66ad,ร้อยละความครอบคลุมการคัดกรองได้ยินของทารกแรกเกิด,2565,provider,ok,65,
677a456215365fb2ccf43dc5dc8c66ad,ร้อยละความครอบคลุมการคัดกรองได้ยินของทารกแรกเกิด,2566,provider,ok,65,
677a456215365fb2ccf43dc5dc8c66ad,ร้อยละความครอบคลุมการคัดกรองได้ยินของทารกแรกเกิด,2567,provider,ok,65,
677a456215365fb2ccf43dc5dc8c66ad,ร้อยละความครอบคลุมการคัดกรองได้ยินของทารกแรกเกิด,2568,provider,ok,65,
677a456215365fb2ccf43dc5dc8c66ad,ร้อยละความครอบคลุมการคัดกรองได้ยินของทารกแรกเกิด,2569,provider,ok,65,
706b605192b49d385ba044350af9c46a,ร้อยละของผู้ป่วยโรคซึมเศร้าเข้าถึงบริการ,2565,province,ok,10,
706b605192b49d385ba044350af9c46a,ร้อยละของผู้ป่วยโรคซึมเศร้าเข้าถึงบริการ,2566,province,ok,10,
706b605192b49d385ba044350af9c46a,ร้อยละของผู้ป่วยโรคซึมเศร้าเข้าถึงบริการ,2567,province,ok,10,
706b605192b49d385ba044350af9c46a,ร้อยละของผู้ป่วยโรคซึมเศร้าเข้าถึงบริการ,2568,province,ok,10,
706b605192b49d385ba044350af9c46a,ร้อยละของผู้ป่วยโรคซึมเศร้าเข้าถึงบริการ,2569,province,ok,10,
7b13c6fcfb0be636fc5cce071e49a71a,ร้อยละของผู้ป่วยโรคจิตเภทเข้าถึงบริการ,2565,province,ok,10,
7b13c6fcfb0be636fc5cce071e49a71a,ร้อยละของผู้ป่วยโรคจิตเภทเข้าถึงบริการ,2566,province,ok,10,
7b13c6fcfb0be636fc5cce071e49a71a,ร้อยละของผู้ป่วยโรคจิตเภทเข้าถึงบริการ,2567,province,ok,10,
7b13c6fcfb0be636fc5cce071e49a71a,ร้อยละของผู้ป่วยโรคจิตเภทเข้าถึงบริการ,2568,province,ok,10,
7b13c6fcfb0be636fc5cce071e49a71a,ร้อยละของผู้ป่วยโรคจิตเภทเข้าถึงบริการ,2569,province,ok,10,
e0678b73197151b3f181edcb0ee76b97,ร้อยละของผู้ป่วยโรคสมาธิสั้นเข้าถึงบริการสุขภาพจิตที่ได้มาตรฐาน,2565,province,ok,10,
e0678b73197151b3f181edcb0ee76b97,ร้อยละของผู้ป่วยโรคสมาธิสั้นเข้าถึงบริการสุขภาพจิตที่ได้มาตรฐาน,2566,province,ok,10,
e0678b73197151b3f181edcb0ee76b97,ร้อยละของผู้ป่วยโรคสมาธิสั้นเข้าถึงบริการสุขภาพจิตที่ได้มาตรฐาน,2567,province,ok,10,
e0678b73197151b3f181edcb0ee76b97,ร้อยละของผู้ป่วยโรคสมาธิสั้นเข้าถึงบริการสุขภาพจิตที่ได้มาตรฐาน,2568,province,ok,10,
e0678b73197151b3f181edcb0ee76b97,ร้อยละของผู้ป่วยโรคสมาธิสั้นเข้าถึงบริการสุขภาพจิตที่ได้มาตรฐาน,2569,province,ok,10,
e959959205e37be069751dbbe9937802,ร้อยละของผู้ป่วยโรคออทิสติกเข้าถึงบริการสุขภาพจิตที่ได้มาตรฐาน,2565,province,ok,10,
e959959205e37be069751dbbe9937802,ร้อยละของผู้ป่วยโรคออทิสติกเข้าถึงบริการสุขภาพจิตที่ได้มาตรฐาน,2566,province,ok,10,
e959959205e37be069751dbbe9937802,ร้อยละของผู้ป่วยโรคออทิสติกเข้าถึงบริการสุขภาพจิตที่ได้มาตรฐาน,2567,province,ok,10,
e959959205e37be069751dbbe9937802,ร้อยละของผู้ป่วยโรคออทิสติกเข้าถึงบริการสุขภาพจิตที่ได้มาตรฐาน,2568,province,ok,10,
e959959205e37be069751dbbe9937802,ร้อยละของผู้ป่วยโรคออทิสติกเข้าถึงบริการสุขภาพจิตที่ได้มาตรฐาน,2569,province,ok,10,
61a59cc4548076dfa9efdc0ecb86f91b,ผู้ป่วยโรคซึมเศร้าเข้าถึงบริการ(workload),2565,provider,ok,4,
61a59cc4548076dfa9efdc0ecb86f91b,ผู้ป่วยโรคซึมเศร้าเข้าถึงบริการ(workload),2566,provider,ok,4,
61a59cc4548076dfa9efdc0ecb86f91b,ผู้ป่วยโรคซึมเศร้าเข้าถึงบริการ(workload),2567,provider,ok,4,
61a59cc4548076dfa9efdc0ecb86f91b,ผู้ป่วยโรคซึมเศร้าเข้าถึงบริการ(workload),2568,provider,ok,4,
61a59cc4548076dfa9efdc0ecb86f91b,ผู้ป่วยโรคซึมเศร้าเข้าถึงบริการ(workload),2569,provider,ok,4,
31ad3425df7840afe354735d7d2ba957,ผู้ป่วยโรคจิตเภทเข้าถึงบริการ(workload),2565,provider,ok,4,
31ad3425df7840afe354735d7d2ba957,ผู้ป่วยโรคจิตเภทเข้าถึงบริการ(workload),2566,provider,ok,4,
31ad3425df7840afe354735d7d2ba957,ผู้ป่วยโรคจิตเภทเข้าถึงบริการ(workload),2567,provider,ok,4,
31ad3425df7840afe354735d7d2ba957,ผู้ป่วยโรคจิตเภทเข้าถึงบริการ(workload),2568,provider,ok,4,
31ad3425df7840afe354735d7d2ba957,ผู้ป่วยโรคจิตเภทเข้าถึงบริการ(workload),2569,provider,ok,4,
90ccfbfd92f7d1bdd89d0cfd8b4e46ec,ผู้ป่วยโรคสมาธิสั้นเข้าถึงบริการ(workload),2565,provider,ok,4,
90ccfbfd92f7d1bdd89d0cfd8b4e46ec,ผู้ป่วยโรคสมาธิสั้นเข้าถึงบริการ(workload),2566,provider,ok,4,
90ccfbfd92f7d1bdd89d0cfd8b4e46ec,ผู้ป่วยโรคสมาธิสั้นเข้าถึงบริการ(workload),2567,provider,ok,4,
90ccfbfd92f7d1bdd89d0cfd8b4e46ec,ผู้ป่วยโรคสมาธิสั้นเข้าถึงบริการ(workload),2568,provider,ok,4,
90ccfbfd92f7d1bdd89d0cfd8b4e46ec,ผู้ป่วยโรคสมาธิสั้นเข้าถึงบริการ(workload),2569,provider,ok,4,
c3cbb49f45fb12d02ff0eb813e9e6279,ผู้ป่วยโรคออทิสติกเข้าถึงบริการ(workload),2565,provider,ok,4,
c3cbb49f45fb12d02ff0eb813e9e6279,ผู้ป่วยโรคออทิสติกเข้าถึงบริการ(workload),2566,provider,ok,4,
c3cbb49f45fb12d02ff0eb813e9e6279,ผู้ป่วยโรคออทิสติกเข้าถึงบริการ(workload),2567,provider,ok,4,
c3cbb49f45fb12d02ff0eb813e9e6279,ผู้ป่วยโรคออทิสติกเข้าถึงบริการ(workload),2568,provider,ok,4,
c3cbb49f45fb12d02ff0eb813e9e6279,ผู้ป่วยโรคออทิสติกเข้าถึงบริการ(workload),2569,provider,ok,4,
67ce3cd10f4ed5d2b3517f1373ef273d,จำนวนผู้ป่วยนอกจิตเวชที่มารับบริการจำแนกรายกลุ่มโรคและสิทธิ,2565,provider,error,0,502 Cannot read properties of undefined (reading 'query')
67ce3cd10f4ed5d2b3517f1373ef273d,จำนวนผู้ป่วยนอกจิตเวชที่มารับบริการจำแนกรายกลุ่มโรคและสิทธิ,2566,provider,error,0,502 Cannot read properties of undefined (reading 'query')
67ce3cd10f4ed5d2b3517f1373ef273d,จำนวนผู้ป่วยนอกจิตเวชที่มารับบริการจำแนกรายกลุ่มโรคและสิทธิ,2567,provider,error,0,502 Cannot read properties of undefined (reading 'query')
67ce3cd10f4ed5d2b3517f1373ef273d,จำนวนผู้ป่วยนอกจิตเวชที่มารับบริการจำแนกรายกลุ่มโรคและสิทธิ,2568,provider,error,0,502 Cannot read properties of undefined (reading 'query')
67ce3cd10f4ed5d2b3517f1373ef273d,จำนวนผู้ป่วยนอกจิตเวชที่มารับบริการจำแนกรายกลุ่มโรคและสิทธิ,2569,provider,error,0,502 Cannot read properties of undefined (reading 'query')
8a173a9de38de5c0172953d4ebcdcb09,จำนวนผู้ป่วยในจิตเวชที่มารับบริการจำแนกรายกลุ่มโรคและสิทธิ,2565,provider,ok,135,
8a173a9de38de5c0172953d4ebcdcb09,จำนวนผู้ป่วยในจิตเวชที่มารับบริการจำแนกรายกลุ่มโรคและสิทธิ,2566,provider,ok,135,
8a173a9de38de5c0172953d4ebcdcb09,จำนวนผู้ป่วยในจิตเวชที่มารับบริการจำแนกรายกลุ่มโรคและสิทธิ,2567,provider,ok,135,
8a173a9de38de5c0172953d4ebcdcb09,จำนวนผู้ป่วยในจิตเวชที่มารับบริการจำแนกรายกลุ่มโรคและสิทธิ,2568,provider,ok,135,
8a173a9de38de5c0172953d4ebcdcb09,จำนวนผู้ป่วยในจิตเวชที่มารับบริการจำแนกรายกลุ่มโรคและสิทธิ,2569,provider,ok,135,
c053cbe922cb2b0b8aa5ab139c5c7494,ร้อยละของผู้ป่วยโรคติดสุราในพื้นที่เข้าถึงบริการ ตามมาตรฐานเพิ่มขึ้น,2565,province,ok,13,
c053cbe922cb2b0b8aa5ab139c5c7494,ร้อยละของผู้ป่วยโรคติดสุราในพื้นที่เข้าถึงบริการ ตามมาตรฐานเพิ่มขึ้น,2566,province,ok,13,
c053cbe922cb2b0b8aa5ab139c5c7494,ร้อยละของผู้ป่วยโรคติดสุราในพื้นที่เข้าถึงบริการ ตามมาตรฐานเพิ่มขึ้น,2567,province,ok,13,
c053cbe922cb2b0b8aa5ab139c5c7494,ร้อยละของผู้ป่วยโรคติดสุราในพื้นที่เข้าถึงบริการ ตามมาตรฐานเพิ่มขึ้น,2568,province,ok,13,
c053cbe922cb2b0b8aa5ab139c5c7494,ร้อยละของผู้ป่วยโรคติดสุราในพื้นที่เข้าถึงบริการ ตามมาตรฐานเพิ่มขึ้น,2569,province,ok,13,
009b430cc231e1b1635963a899eca673,ร้อยละของผู้ทำร้ายตนเองเข้าถึงบริการ 15 ปีขึ้นไป,2565,province,ok,8,
009b430cc231e1b1635963a899eca673,ร้อยละของผู้ทำร้ายตนเองเข้าถึงบริการ 15 ปีขึ้นไป,2566,province,ok,8,
009b430cc231e1b1635963a899eca673,ร้อยละของผู้ทำร้ายตนเองเข้าถึงบริการ 15 ปีขึ้นไป,2567,province,ok,8,
009b430cc231e1b1635963a899eca673,ร้อยละของผู้ทำร้ายตนเองเข้าถึงบริการ 15 ปีขึ้นไป,2568,province,ok,8,
009b430cc231e1b1635963a899eca673,ร้อยละของผู้ทำร้ายตนเองเข้าถึงบริการ 15 ปีขึ้นไป,2569,province,ok,8,
f98aa818686df571817c33e0168966a2,อัตราการฆ่าตัวตายสำเร็จ,2565,province,ok,5,
f98aa818686df571817c33e0168966a2,อัตราการฆ่าตัวตายสำเร็จ,2566,province,ok,5,
f98aa818686df571817c33e0168966a2,อัตราการฆ่าตัวตายสำเร็จ,2567,province,ok,5,
f98aa818686df571817c33e0168966a2,อัตราการฆ่าตัวตายสำเร็จ,2568,province,ok,5,
f98aa818686df571817c33e0168966a2,อัตราการฆ่าตัวตายสำเร็จ,2569,province,ok,5,
e8e6d6e5a088228680d4be573d712de0,ร้อยละของผู้ป่วยโรคจิตเภทได้รับการรักษาต่อเนื่องภายใน 6 เดือน,2565,provider,ok,5,
e8e6d6e5a088228680d4be573d712de0,ร้อยละของผู้ป่วยโรคจิตเภทได้รับการรักษาต่อเนื่องภายใน 6 เดือน,2566,provider,ok,5,
e8e6d6e5a088228680d4be573d712de0,ร้อยละของผู้ป่วยโรคจิตเภทได้รับการรักษาต่อเนื่องภายใน 6 เดือน,2567,provider,ok,5,
e8e6d6e5a088228680d4be573d712de0,ร้อยละของผู้ป่วยโรคจิตเภทได้รับการรักษาต่อเนื่องภายใน 6 เดือน,2568,provider,ok,5,
e8e6d6e5a088228680d4be573d712de0,ร้อยละของผู้ป่วยโรคจิตเภทได้รับการรักษาต่อเนื่องภายใน 6 เดือน,2569,provider,ok,5,
ceea5aba6208937d4d44f3141271fc0d,ร้อยละของผู้ป่วยจิตเภทที่เข้าถึงบริการสะสมได้รับการดูแลต่อเนื่อง,2565,provider,ok,10,
ceea5aba6208937d4d44f3141271fc0d,ร้อยละของผู้ป่วยจิตเภทที่เข้าถึงบริการสะสมได้รับการดูแลต่อเนื่อง,2566,provider,ok,10,
ceea5aba6208937d4d44f3141271fc0d,ร้อยละของผู้ป่วยจิตเภทที่เข้าถึงบริการสะสมได้รับการดูแลต่อเนื่อง,2567,provider,ok,10,
ceea5aba6208937d4d44f3141271fc0d,ร้อยละของผู้ป่วยจิตเภทที่เข้าถึงบริการสะสมได้รับการดูแลต่อเนื่อง,2568,provider,ok,10,
ceea5aba6208937d4d44f3141271fc0d,ร้อยละของผู้ป่วยจิตเภทที่เข้าถึงบริการสะสมได้รับการดูแลต่อเนื่อง,2569,provider,ok,10,
70404ef102ed96de4e2914e2facb67a2,ร้อยละของผู้ป่วยโรคจิตเภทได้รับการรักษาต่อเนื่องภายใน 6 เดือน(Reverse ),2565,provider,ok,3,
70404ef102ed96de4e2914e2facb67a2,ร้อยละของผู้ป่วยโรคจิตเภทได้รับการรักษาต่อเนื่องภายใน 6 เดือน(Reverse ),2566,provider,ok,3,
70404ef102ed96de4e2914e2facb67a2,ร้อยละของผู้ป่วยโรคจิตเภทได้รับการรักษาต่อเนื่องภายใน 6 เดือน(Reverse ),2567,provider,ok,3,
70404ef102ed96de4e2914e2facb67a2,ร้อยละของผู้ป่วยโรคจิตเภทได้รับการรักษาต่อเนื่องภายใน 6 เดือน(Reverse ),2568,provider,ok,3,
70404ef102ed96de4e2914e2facb67a2,ร้อยละของผู้ป่วยโรคจิตเภทได้รับการรักษาต่อเนื่องภายใน 6 เดือน(Reverse ),2569,provider,ok,3,
6ij7yk39dxmha5aiq0fhn,ร้อยละของผู้ป่วยจิตเวชยาเสพติดก่อความรุนแรง(SM-V)ได้รับการติดตามดูแลเฝ้าระวังตามแนวทางที่กำหนด(Workload) (อยู่ระหว่างปรับปรุงรายงาน),2565,zone,error,0,500 
6ij7yk39dxmha5aiq0fhn,ร้อยละของผู้ป่วยจิตเวชยาเสพติดก่อความรุนแรง(SM-V)ได้รับการติดตามดูแลเฝ้าระวังตามแนวทางที่กำหนด(Workload) (อยู่ระหว่างปรับปรุงรายงาน),2566,zone,error,0,500 
6ij7yk39dxmha5aiq0fhn,ร้อยละของผู้ป่วยจิตเวชยาเสพติดก่อความรุนแรง(SM-V)ได้รับการติดตามดูแลเฝ้าระวังตามแนวทางที่กำหนด(Workload) (อยู่ระหว่างปรับปรุงรายงาน),2567,zone,error,0,500 
6ij7yk39dxmha5aiq0fhn,ร้อยละของผู้ป่วยจิตเวชยาเสพติดก่อความรุนแรง(SM-V)ได้รับการติดตามดูแลเฝ้าระวังตามแนวทางที่กำหนด(Workload) (อยู่ระหว่างปรับปรุงรายงาน),2568,zone,error,0,500 
6ij7yk39dxmha5aiq0fhn,ร้อยละของผู้ป่วยจิตเวชยาเสพติดก่อความรุนแรง(SM-V)ได้รับการติดตามดูแลเฝ้าระวังตามแนวทางที่กำหนด(Workload) (อยู่ระหว่างปรับปรุงรายงาน),2569,provider,ok,9,
pepa25tv0dy1coasj2c8w,จำนวนผู้ป่วยจิตเวชยาเสพติดก่อความรุนแรง (SMI-V) ที่ขาดการรักษาก่อความรุนแรงซ้ำจำแนกตามประเภทความรุนแรง ที่มารับการรักษาในปีงบประมาณ,2565,provider,error,0,500 
pepa25tv0dy1coasj2c8w,จำนวนผู้ป่วยจิตเวชยาเสพติดก่อความรุนแรง (SMI-V) ที่ขาดการรักษาก่อความรุนแรงซ้ำจำแนกตามประเภทความรุนแรง ที่มารับการรักษาในปีงบประมาณ,2566,provider,error,0,500 
pepa25tv0dy1coasj2c8w,จำนวนผู้ป่วยจิตเวชยาเสพติดก่อความรุนแรง (SMI-V) ที่ขาดการรักษาก่อความรุนแรงซ้ำจำแนกตามประเภทความรุนแรง ที่มารับการรักษาในปีงบประมาณ,2567,provider,error,0,500 
pepa25tv0dy1coasj2c8w,จำนวนผู้ป่วยจิตเวชยาเสพติดก่อความรุนแรง (SMI-V) ที่ขาดการรักษาก่อความรุนแรงซ้ำจำแนกตามประเภทความรุนแรง ที่มารับการรักษาในปีงบประมาณ,2568,provider,error,0,500 
pepa25tv0dy1coasj2c8w,จำนวนผู้ป่วยจิตเวชยาเสพติดก่อความรุนแรง (SMI-V) ที่ขาดการรักษาก่อความรุนแรงซ้ำจำแนกตามประเภทความรุนแรง ที่มารับการรักษาในปีงบประมาณ,2569,provider,error,0,502 Cannot read properties of undefined (reading 'query')
r3yveog8x2yk4ug0tca4z,ร้อยละของผู้ป่วยจิตเวชสารเสพติดก่อความรุนแรง (SMI-V) ในเขตสุขภาพเข้าถึงบริการได้รับการดูแลต่อเนื่องและไม่ก่อความรุนแรงซ้ำ,2565,provider,error,0,500 
r3yveog8x2yk4ug0tca4z,ร้อยละของผู้ป่วยจิตเวชสารเสพติดก่อความรุนแรง (SMI-V) ในเขตสุขภาพเข้าถึงบริการได้รับการดูแลต่อเนื่องและไม่ก่อความรุนแรงซ้ำ,2566,provider,error,0,500 
r3yveog8x2yk4ug0tca4z,ร้อยละของผู้ป่วยจิตเวชสารเสพติดก่อความรุนแรง (SMI-V) ในเขตสุขภาพเข้าถึงบริการได้รับการดูแลต่อเนื่องและไม่ก่อความรุนแรงซ้ำ,2567,provider,error,0,500 
r3yveog8x2yk4ug0tca4z,ร้อยละของผู้ป่วยจิตเวชสารเสพติดก่อความรุนแรง (SMI-V) ในเขตสุขภาพเข้าถึงบริการได้รับการดูแลต่อเนื่องและไม่ก่อความรุนแรงซ้ำ,2568,provider,error,0,500 
r3yveog8x2yk4ug0tca4z,ร้อยละของผู้ป่วยจิตเวชสารเสพติดก่อความรุนแรง (SMI-V) ในเขตสุขภาพเข้าถึงบริการได้รับการดูแลต่อเนื่องและไม่ก่อความรุนแรงซ้ำ,2569,provider,error,0,502 Cannot read properties of undefined (reading 'query')
hb8kh5a5gkwmdqtpirdka,จำนวนผู้ป่วยจิตเวชยาเสพติดก่อความรุนแรง(SMi-V)ที่มารับบริการในปีงบประมาณ(คนต่อสถานพยาบาล)จำแนกตามการวินิจฉัยปีงบประมาณ(อยู่ระหว่างปรับปรุงรายงาน),2565,zone,error,0,500 
hb8kh5a5gkwmdqtpirdka,จำนวนผู้ป่วยจิตเวชยาเสพติดก่อความรุนแรง(SMi-V)ที่มารับบริการในปีงบประมาณ(คนต่อสถานพยาบาล)จำแนกตามการวินิจฉัยปีงบประมาณ(อยู่ระหว่างปรับปรุงรายงาน),2566,zone,error,0,500 
hb8kh5a5gkwmdqtpirdka,จำนวนผู้ป่วยจิตเวชยาเสพติดก่อความรุนแรง(SMi-V)ที่มารับบริการในปีงบประมาณ(คนต่อสถานพยาบาล)จำแนกตามการวินิจฉัยปีงบประมาณ(อยู่ระหว่างปรับปรุงรายงาน),2567,zone,error,0,500 
hb8kh5a5gkwmdqtpirdka,จำนวนผู้ป่วยจิตเวชยาเสพติดก่อความรุนแรง(SMi-V)ที่มารับบริการในปีงบประมาณ(คนต่อสถานพยาบาล)จำแนกตามการวินิจฉัยปีงบประมาณ(อยู่ระหว่างปรับปรุงรายงาน),2568,zone,error,0,500 
hb8kh5a5gkwmdqtpirdka,จำนวนผู้ป่วยจิตเวชยาเสพติดก่อความรุนแรง(SMi-V)ที่มารับบริการในปีงบประมาณ(คนต่อสถานพยาบาล)จำแนกตามการวินิจฉัยปีงบประมาณ(อยู่ระหว่างปรับปรุงรายงาน),2569,provider,ok,9,
99ccd1e29a5cdb81256fb3fa587698ef,OHSP อัตรา (ร้อยละ) การใช้บริการทันตกรรมรวมทุกสิทธิ เฉพาะเขตรับผิดชอบ (คน)  (ใช้แบบความครอบคลุม),2565,provider,ok,3,
99ccd1e29a5cdb81256fb3fa587698ef,OHSP อัตรา (ร้อยละ) การใช้บริการทันตกรรมรวมทุกสิทธิ เฉพาะเขตรับผิดชอบ (คน)  (ใช้แบบความครอบคลุม),2566,provider,ok,3,
99ccd1e29a5cdb81256fb3fa587698ef,OHSP อัตรา (ร้อยละ) การใช้บริการทันตกรรมรวมทุกสิทธิ เฉพาะเขตรับผิดชอบ (คน)  (ใช้แบบความครอบคลุม),2567,provider,ok,3,
99ccd1e29a5cdb81256fb3fa587698ef,OHSP อัตรา (ร้อยละ) การใช้บริการทันตกรรมรวมทุกสิทธิ เฉพาะเขตรับผิดชอบ (คน)  (ใช้แบบความครอบคลุม),2568,provider,ok,3,
99ccd1e29a5cdb81256fb3fa587698ef,OHSP อัตรา (ร้อยละ) การใช้บริการทันตกรรมรวมทุกสิทธิ เฉพาะเขตรับผิดชอบ (คน)  (ใช้แบบความครอบคลุม),2569,provider,ok,3,
00af52a6f2efcb52b48a2d51433cdaaa,OHSP อัตรา (ร้อยละ) การใช้บริการทันตกรรมสิทธิ UC เฉพาะเขตรับผิดชอบ (คน) (ใช้แบบความครอบคลุม),2565,provider,ok,3,
00af52a6f2efcb52b48a2d51433cdaaa,OHSP อัตรา (ร้อยละ) การใช้บริการทันตกรรมสิทธิ UC เฉพาะเขตรับผิดชอบ (คน) (ใช้แบบความครอบคลุม),2566,provider,ok,3,
00af52a6f2efcb52b48a2d51433cdaaa,OHSP อัตรา (ร้อยละ) การใช้บริการทันตกรรมสิทธิ UC เฉพาะเขตรับผิดชอบ (คน) (ใช้แบบความครอบคลุม),2567,provider,ok,3,
00af52a6f2efcb52b48a2d51433cdaaa,OHSP อัตรา (ร้อยละ) การใช้บริการทันตกรรมสิทธิ UC เฉพาะเขตรับผิดชอบ (คน) (ใช้แบบความครอบคลุม),2568,provider,ok,3,
00af52a6f2efcb52b48a2d51433cdaaa,OHSP อัตรา (ร้อยละ) การใช้บริการทันตกรรมสิทธิ UC เฉพาะเขตรับผิดชอบ (คน) (ใช้แบบความครอบคลุม),2569,provider,ok,3,
bafe62ee021cc53306415b0fa0a2c049,OHSP อัตรา (ร้อยละ) การการใช้บริการ P&P เฉพาะเขตรับผิดชอบ (คน) (ใช้แบบความครอบคลุม),2565,provider,ok,3,
bafe62ee021cc53306415b0fa0a2c049,OHSP อัตรา (ร้อยละ) การการใช้บริการ P&P เฉพาะเขตรับผิดชอบ (คน) (ใช้แบบความครอบคลุม),2566,provider,ok,3,
bafe62ee021cc53306415b0fa0a2c049,OHSP อัตรา (ร้อยละ) การการใช้บริการ P&P เฉพาะเขตรับผิดชอบ (คน) (ใช้แบบความครอบคลุม),2567,provider,ok,3,
bafe62ee021cc53306415b0fa0a2c049,OHSP อัตรา (ร้อยละ) การการใช้บริการ P&P เฉพาะเขตรับผิดชอบ (คน) (ใช้แบบความครอบคลุม),2568,provider,ok,3,
bafe62ee021cc53306415b0fa0a2c049,OHSP อัตรา (ร้อยละ) การการใช้บริการ P&P เฉพาะเขตรับผิดชอบ (คน) (ใช้แบบความครอบคลุม),2569,provider,ok,3,
defb23a746850f247916f086644af5c0,OHSP อัตรา (ร้อยละ) การใช้บริการทันตกรรมพื้นฐาน เฉพาะเขตรับผิดชอบ (คน) (ใช้แบบความครอบคลุม),2565,provider,ok,3,
defb23a746850f247916f086644af5c0,OHSP อัตรา (ร้อยละ) การใช้บริการทันตกรรมพื้นฐาน เฉพาะเขตรับผิดชอบ (คน) (ใช้แบบความครอบคลุม),2566,provider,ok,3,
defb23a746850f247916f086644af5c0,OHSP อัตรา (ร้อยละ) การใช้บริการทันตกรรมพื้นฐาน เฉพาะเขตรับผิดชอบ (คน) (ใช้แบบความครอบคลุม),2567,provider,ok,3,
defb23a746850f247916f086644af5c0,OHSP อัตรา (ร้อยละ) การใช้บริการทันตกรรมพื้นฐาน เฉพาะเขตรับผิดชอบ (คน) (ใช้แบบความครอบคลุม),2568,provider,ok,3,
defb23a746850f247916f086644af5c0,OHSP อัตรา (ร้อยละ) การใช้บริการทันตกรรมพื้นฐาน เฉพาะเขตรับผิดชอบ (คน) (ใช้แบบความครอบคลุม),2569,provider,ok,3,
6c57c609054cf9a4111c2704fd2bbce1,OHSP อัตรา (ร้อยละ) การใช้บริการทันตกรรมเฉพาะทาง เฉพาะเขตรับผิดชอบ (คน) (ใช้แบบความครอบคลุม),2565,provider,ok,3,
6c57c609054cf9a4111c2704fd2bbce1,OHSP อัตรา (ร้อยละ) การใช้บริการทันตกรรมเฉพาะทาง เฉพาะเขตรับผิดชอบ (คน) (ใช้แบบความครอบคลุม),2566,provider,ok,3,
6c57c609054cf9a4111c2704fd2bbce1,OHSP อัตรา (ร้อยละ) การใช้บริการทันตกรรมเฉพาะทาง เฉพาะเขตรับผิดชอบ (คน) (ใช้แบบความครอบคลุม),2567,provider,ok,3,
6c57c609054cf9a4111c2704fd2bbce1,OHSP อัตรา (ร้อยละ) การใช้บริการทันตกรรมเฉพาะทาง เฉพาะเขตรับผิดชอบ (คน) (ใช้แบบความครอบคลุม),2568,provider,ok,3,
6c57c609054cf9a4111c2704fd2bbce1,OHSP อัตรา (ร้อยละ) การใช้บริการทันตกรรมเฉพาะทาง เฉพาะเขตรับผิดชอบ (คน) (ใช้แบบความครอบคลุม),2569,provider,ok,3,
1a888956dda87264ae6fd1e290d17d68,OHSP อัตรา (ร้อยละ) การใช้บริการ P&P ในกลุ่มหญิงตั้งครรภ์ เฉพาะเขตรับผิดชอบ (คน) (ใช้แบบความครอบคลุม),2565,provider,ok,3,
1a888956dda87264ae6fd1e290d17d68,OHSP อัตรา (ร้อยละ) การใช้บริการ P&P ในกลุ่มหญิงตั้งครรภ์ เฉพาะเขตรับผิดชอบ (คน) (ใช้แบบความครอบคลุม),2566,provider,ok,3,
1a888956dda87264ae6fd1e290d17d68,OHSP อัตรา (ร้อยละ) การใช้บริการ P&P ในกลุ่มหญิงตั้งครรภ์ เฉพาะเขตรับผิดชอบ (คน) (ใช้แบบความครอบคลุม),2567,provider,ok,3,
1a888956dda87264ae6fd1e290d17d68,OHSP อัตรา (ร้อยละ) การใช้บริการ P&P ในกลุ่มหญิงตั้งครรภ์ เฉพาะเขตรับผิดชอบ (คน) (ใช้แบบความครอบคลุม),2568,provider,ok,3,
1a888956dda87264ae6fd1e290d17d68,OHSP อัตรา (ร้อยละ) การใช้บริการ P&P ในกลุ่มหญิงตั้งครรภ์ เฉพาะเขตรับผิดชอบ (คน) (ใช้แบบความครอบคลุม),2569,provider,ok,3,
261d0c53638bf4c6cf2af32b677f6c35,OHSP อัตรา (ร้อยละ) การใช้บริการ P&P ในกลุ่มเด็กอายุ 0-2 ปี เฉพาะเขตรับผิดชอบ (คน) (ใช้แบบความครอบคลุม),2565,provider,ok,3,
261d0c53638bf4c6cf2af32b677f6c35,OHSP อัตรา (ร้อยละ) การใช้บริการ P&P ในกลุ่มเด็กอายุ 0-2 ปี เฉพาะเขตรับผิดชอบ (คน) (ใช้แบบความครอบคลุม),2566,provider,ok,3,
261d0c53638bf4c6cf2af32b677f6c35,OHSP อัตรา (ร้อยละ) การใช้บริการ P&P ในกลุ่มเด็กอายุ 0-2 ปี เฉพาะเขตรับผิดชอบ (คน) (ใช้แบบความครอบคลุม),2567,provider,ok,3,
261d0c53638bf4c6cf2af32b677f6c35,OHSP อัตรา (ร้อยละ) การใช้บริการ P&P ในกลุ่มเด็กอายุ 0-2 ปี เฉพาะเขตรับผิดชอบ (คน) (ใช้แบบความครอบคลุม),2568,provider,ok,3,
261d0c53638bf4c6cf2af32b677f6c35,OHSP อัตรา (ร้อยละ) การใช้บริการ P&P ในกลุ่มเด็กอายุ 0-2 ปี เฉพาะเขตรับผิดชอบ (คน) (ใช้แบบความครอบคลุม),2569,provider,ok,3,
743694135b213c08d3916bf14503aa70,OHSP อัตรา (ร้อยละ) การใช้บริการ P&P ในกลุ่มเด็กอายุ 3-5 ปี เฉพาะเขตรับผิดชอบ (คน) (ใช้แบบความครอบคลุม),2565,provider,ok,3,
743694135b213c08d3916bf14503aa70,OHSP อัตรา (ร้อยละ) การใช้บริการ P&P ในกลุ่มเด็กอายุ 3-5 ปี เฉพาะเขตรับผิดชอบ (คน) (ใช้แบบความครอบคลุม),2566,provider,ok,3,
743694135b213c08d3916bf14503aa70,OHSP อัตรา (ร้อยละ) การใช้บริการ P&P ในกลุ่มเด็กอายุ 3-5 ปี เฉพาะเขตรับผิดชอบ (คน) (ใช้แบบความครอบคลุม),2567,provider,ok,3,
743694135b213c08d3916bf14503aa70,OHSP อัตรา (ร้อยละ) การใช้บริการ P&P ในกลุ่มเด็กอายุ 3-5 ปี เฉพาะเขตรับผิดชอบ (คน) (ใช้แบบความครอบคลุม),2568,provider,ok,3,
743694135b213c08d3916bf14503aa70,OHSP อัตรา (ร้อยละ) การใช้บริการ P&P ในกลุ่มเด็กอายุ 3-5 ปี เฉพาะเขตรับผิดชอบ (คน) (ใช้แบบความครอบคลุม),2569,provider,ok,3,
51b65857707cb843a0a2a97b5310a373,OHSP อัตรา (ร้อยละ) การใช้บริการ P&P ในกลุ่มเด็กอายุ 6-12 ปี เฉพาะเขตรับผิดชอบ (คน) (ใช้แบบความครอบคลุม),2565,provider,ok,3,
51b65857707cb843a0a2a97b5310a373,OHSP อัตรา (ร้อยละ) การใช้บริการ P&P ในกลุ่มเด็กอายุ 6-12 ปี เฉพาะเขตรับผิดชอบ (คน) (ใช้แบบความครอบคลุม),2566,provider,ok,3,
51b65857707cb843a0a2a97b5310a373,OHSP อัตรา (ร้อยละ) การใช้บริการ P&P ในกลุ่มเด็กอายุ 6-12 ปี เฉพาะเขตรับผิดชอบ (คน) (ใช้แบบความครอบคลุม),2567,provider,ok,3,
51b65857707cb843a0a2a97b5310a373,OHSP อัตรา (ร้อยละ) การใช้บริการ P&P ในกลุ่มเด็กอายุ 6-12 ปี เฉพาะเขตรับผิดชอบ (คน) (ใช้แบบความครอบคลุม),2568,provider,ok,3,
51b65857707cb843a0a2a97b5310a373,OHSP อัตรา (ร้อยละ) การใช้บริการ P&P ในกลุ่มเด็กอายุ 6-12 ปี เฉพาะเขตรับผิดชอบ (คน) (ใช้แบบความครอบคลุม),2569,provider,ok,3,
0282aaa7ea31ae081a80990adbd8ca1e,OHSP อัตรา (ร้อยละ) การใช้บริการ P&P ในกลุ่มผู้สูงอายุ เฉพาะเขตรับผิดชอบ (คน) (ใช้แบบความครอบคลุม),2565,provider,ok,3,
0282aaa7ea31ae081a80990adbd8ca1e,OHSP อัตรา (ร้อยละ) การใช้บริการ P&P ในกลุ่มผู้สูงอายุ เฉพาะเขตรับผิดชอบ (คน) (ใช้แบบความครอบคลุม),2566,provider,ok,3,
0282aaa7ea31ae081a80990adbd8ca1e,OHSP อัตรา (ร้อยละ) การใช้บริการ P&P ในกลุ่มผู้สูงอายุ เฉพาะเขตรับผิดชอบ (คน) (ใช้แบบความครอบคลุม),2567,provider,ok,3,
0282aaa7ea31ae081a80990adbd8ca1e,OHSP อัตรา (ร้อยละ) การใช้บริการ P&P ในกลุ่มผู้สูงอายุ เฉพาะเขตรับผิดชอบ (คน) (ใช้แบบความครอบคลุม),2568,provider,ok,3,
0282aaa7ea31ae081a80990adbd8ca1e,OHSP อัตรา (ร้อยละ) การใช้บริการ P&P ในกลุ่มผู้สูงอายุ เฉพาะเขตรับผิดชอบ (คน) (ใช้แบบความครอบคลุม),2569,provider,ok,3,
53f0ff606ac8a9c99409f9ad0918dff1,OHSP ร้อยละ visit ตรวจฟันอย่างเดียว ต่อ visit ทั้งหมด,2565,provider,ok,3,
53f0ff606ac8a9c99409f9ad0918dff1,OHSP ร้อยละ visit ตรวจฟันอย่างเดียว ต่อ visit ทั้งหมด,2566,provider,ok,3,
53f0ff606ac8a9c99409f9ad0918dff1,OHSP ร้อยละ visit ตรวจฟันอย่างเดียว ต่อ visit ทั้งหมด,2567,provider,ok,3,
53f0ff606ac8a9c99409f9ad0918dff1,OHSP ร้อยละ visit ตรวจฟันอย่างเดียว ต่อ visit ทั้งหมด,2568,provider,ok,3,
53f0ff606ac8a9c99409f9ad0918dff1,OHSP ร้อยละ visit ตรวจฟันอย่างเดียว ต่อ visit ทั้งหมด,2569,provider,ok,3,
4c3d9eebfc5ead04511f945f9025c518,OHSP ร้อยละ visit ตรวจฟันอย่างเดียวโดยทันตบุคลากร ต่อ visit ทั้งหมด,2565,provider,ok,3,
4c3d9eebfc5ead04511f945f9025c518,OHSP ร้อยละ visit ตรวจฟันอย่างเดียวโดยทันตบุคลากร ต่อ visit ทั้งหมด,2566,provider,ok,3,
4c3d9eebfc5ead04511f945f9025c518,OHSP ร้อยละ visit ตรวจฟันอย่างเดียวโดยทันตบุคลากร ต่อ visit ทั้งหมด,2567,provider,ok,3,
4c3d9eebfc5ead04511f945f9025c518,OHSP ร้อยละ visit ตรวจฟันอย่างเดียวโดยทันตบุคลากร ต่อ visit ทั้งหมด,2568,provider,ok,3,
4c3d9eebfc5ead04511f945f9025c518,OHSP ร้อยละ visit ตรวจฟันอย่างเดียวโดยทันตบุคลากร ต่อ visit ทั้งหมด,2569,provider,ok,3,
1a26b9eb98385cdece32f6a7bcce1e2c,OHSP ร้อยละจำนวนรายบริการส่งเสริมป้องกันต่อบริการทั้งหมด,2565,provider,ok,3,
1a26b9eb98385cdece32f6a7bcce1e2c,OHSP ร้อยละจำนวนรายบริการส่งเสริมป้องกันต่อบริการทั้งหมด,2566,provider,ok,3,
1a26b9eb98385cdece32f6a7bcce1e2c,OHSP ร้อยละจำนวนรายบริการส่งเสริมป้องกันต่อบริการทั้งหมด,2567,provider,ok,3,
1a26b9eb98385cdece32f6a7bcce1e2c,OHSP ร้อยละจำนวนรายบริการส่งเสริมป้องกันต่อบริการทั้งหมด,2568,provider,ok,3,
1a26b9eb98385cdece32f6a7bcce1e2c,OHSP ร้อยละจำนวนรายบริการส่งเสริมป้องกันต่อบริการทั้งหมด,2569,provider,ok,3,
9f3ca952aa7e77eb7e790c418a5ccb9c,OHSP ร้อยละจำนวนรายบริการทันตกรรมพื้นฐานต่อบริการทั้งหมด,2565,provider,ok,3,
9f3ca952aa7e77eb7e790c418a5ccb9c,OHSP ร้อยละจำนวนรายบริการทันตกรรมพื้นฐานต่อบริการทั้งหมด,2566,provider,ok,3,
9f3ca952aa7e77eb7e790c418a5ccb9c,OHSP ร้อยละจำนวนรายบริการทันตกรรมพื้นฐานต่อบริการทั้งหมด,2567,provider,ok,3,
9f3ca952aa7e77eb7e790c418a5ccb9c,OHSP ร้อยละจำนวนรายบริการทันตกรรมพื้นฐานต่อบริการทั้งหมด,2568,provider,ok,3,
9f3ca952aa7e77eb7e790c418a5ccb9c,OHSP ร้อยละจำนวนรายบริการทันตกรรมพื้นฐานต่อบริการทั้งหมด,2569,provider,ok,3,
c533163ee460b95c16a63c1db970a387,OHSP ร้อยละจำนวนรายบริการทันตกรรมเฉพาะทางต่อบริการทั้งหมด,2565,provider,ok,3,
c533163ee460b95c16a63c1db970a387,OHSP ร้อยละจำนวนรายบริการทันตกรรมเฉพาะทางต่อบริการทั้งหมด,2566,provider,ok,3,
c533163ee460b95c16a63c1db970a387,OHSP ร้อยละจำนวนรายบริการทันตกรรมเฉพาะทางต่อบริการทั้งหมด,2567,provider,ok,3,
c533163ee460b95c16a63c1db970a387,OHSP ร้อยละจำนวนรายบริการทันตกรรมเฉพาะทางต่อบริการทั้งหมด,2568,provider,ok,3,
c533163ee460b95c16a63c1db970a387,OHSP ร้อยละจำนวนรายบริการทันตกรรมเฉพาะทางต่อบริการทั้งหมด,2569,provider,ok,3,
d585aa059fa2c91549854e9ed76412aa,OHSP จำนวนคนไข้ (ครั้ง) เฉลี่ย ต่อทันตบุคลากรต่อปี,2565,provider,ok,3,
d585aa059fa2c91549854e9ed76412aa,OHSP จำนวนคนไข้ (ครั้ง) เฉลี่ย ต่อทันตบุคลากรต่อปี,2566,provider,ok,3,
d585aa059fa2c91549854e9ed76412aa,OHSP จำนวนคนไข้ (ครั้ง) เฉลี่ย ต่อทันตบุคลากรต่อปี,2567,provider,ok,3,
d585aa059fa2c91549854e9ed76412aa,OHSP จำนวนคนไข้ (ครั้ง) เฉลี่ย ต่อทันตบุคลากรต่อปี,2568,provider,ok,3,
d585aa059fa2c91549854e9ed76412aa,OHSP จำนวนคนไข้ (ครั้ง) เฉลี่ย ต่อทันตบุคลากรต่อปี,2569,provider,ok,3,
abt2t2k4z4xeqzytwbave,ร้อยละของเด็กอายุ0-5 ปี ฟันดีไม่มีผุ (Cavity Free) (คน),2565,provider,error,0,500 
abt2t2k4z4xeqzytwbave,ร้อยละของเด็กอายุ0-5 ปี ฟันดีไม่มีผุ (Cavity Free) (คน),2566,provider,error,0,500 
abt2t2k4z4xeqzytwbave,ร้อยละของเด็กอายุ0-5 ปี ฟันดีไม่มีผุ (Cavity Free) (คน),2567,provider,error,0,500 
abt2t2k4z4xeqzytwbave,ร้อยละของเด็กอายุ0-5 ปี ฟันดีไม่มีผุ (Cavity Free) (คน),2568,provider,error,0,500 
abt2t2k4z4xeqzytwbave,ร้อยละของเด็กอายุ0-5 ปี ฟันดีไม่มีผุ (Cavity Free) (คน),2569,provider,ok,5,
6105c19c6d63fcd8efffe55215eeb2e5,จำนวนทารกที่เกิดก่อนกำหนดแยกตามอายุครรภ์ (ROP),2565,zone,error,0,"502 relation ""s_rop1"" does not exist"
6105c19c6d63fcd8efffe55215eeb2e5,จำนวนทารกที่เกิดก่อนกำหนดแยกตามอายุครรภ์ (ROP),2566,zone,error,0,"502 relation ""s_rop1"" does not exist"
6105c19c6d63fcd8efffe55215eeb2e5,จำนวนทารกที่เกิดก่อนกำหนดแยกตามอายุครรภ์ (ROP),2567,zone,error,0,"502 relation ""s_rop1"" does not exist"
6105c19c6d63fcd8efffe55215eeb2e5,จำนวนทารกที่เกิดก่อนกำหนดแยกตามอายุครรภ์ (ROP),2568,zone,error,0,"502 relation ""s_rop1"" does not exist"
6105c19c6d63fcd8efffe55215eeb2e5,จำนวนทารกที่เกิดก่อนกำหนดแยกตามอายุครรภ์ (ROP),2569,zone,error,0,"502 relation ""s_rop1"" does not exist"
3d15c699c3bed0f1d2778afb98e25bfe,จำนวนทารกแรกเกิดแยกตามน้ำหนัก(ROP),2565,zone,error,0,"502 relation ""s_rop2"" does not exist"
3d15c699c3bed0f1d2778afb98e25bfe,จำนวนทารกแรกเกิดแยกตามน้ำหนัก(ROP),2566,zone,error,0,"502 relation ""s_rop2"" does not exist"
3d15c699c3bed0f1d2778afb98e25bfe,จำนวนทารกแรกเกิดแยกตามน้ำหนัก(ROP),2567,zone,error,0,"502 relation ""s_rop2"" does not exist"
3d15c699c3bed0f1d2778afb98e25bfe,จำนวนทารกแรกเกิดแยกตามน้ำหนัก(ROP),2568,zone,error,0,"502 relation ""s_rop2"" does not exist"
3d15c699c3bed0f1d2778afb98e25bfe,จำนวนทารกแรกเกิดแยกตามน้ำหนัก(ROP),2569,zone,error,0,"502 relation ""s_rop2"" does not exist"
852d670531d8827732d1945e587262d9,จำนวนผู้ป่วยเป็นโรคจอตาผิดปกติจากการเกิดก่อนกำหนด (ROP) จำแนกตามเขตพื้นที่ เพศ และสัญชาติ,2565,zone,error,0,"502 relation ""s_rop3"" does not exist"
852d670531d8827732d1945e587262d9,จำนวนผู้ป่วยเป็นโรคจอตาผิดปกติจากการเกิดก่อนกำหนด (ROP) จำแนกตามเขตพื้นที่ เพศ และสัญชาติ,2566,zone,error,0,"502 relation ""s_rop3"" does not exist"
852d670531d8827732d1945e587262d9,จำนวนผู้ป่วยเป็นโรคจอตาผิดปกติจากการเกิดก่อนกำหนด (ROP) จำแนกตามเขตพื้นที่ เพศ และสัญชาติ,2567,zone,error,0,"502 relation ""s_rop3"" does not exist"
852d670531d8827732d1945e587262d9,จำนวนผู้ป่วยเป็นโรคจอตาผิดปกติจากการเกิดก่อนกำหนด (ROP) จำแนกตามเขตพื้นที่ เพศ และสัญชาติ,2568,zone,error,0,"502 relation ""s_rop3"" does not exist"
852d670531d8827732d1945e587262d9,จำนวนผู้ป่วยเป็นโรคจอตาผิดปกติจากการเกิดก่อนกำหนด (ROP) จำแนกตามเขตพื้นที่ เพศ และสัญชาติ,2569,zone,error,0,"502 relation ""s_rop3"" does not exist"
842d10410ca25f33a0cafd51c7815325,จำนวนผู้ป่วยเป็นโรคจอตาผิดปกติจากการเกิดก่อนกำหนด (ROP) จำแนกตามช่วงเวลาที่ได้รับหัตถการ,2565,zone,error,0,"502 relation ""s_rop4"" does not exist"
842d10410ca25f33a0cafd51c7815325,จำนวนผู้ป่วยเป็นโรคจอตาผิดปกติจากการเกิดก่อนกำหนด (ROP) จำแนกตามช่วงเวลาที่ได้รับหัตถการ,2566,zone,error,0,"502 relation ""s_rop4"" does not exist"
842d10410ca25f33a0cafd51c7815325,จำนวนผู้ป่วยเป็นโรคจอตาผิดปกติจากการเกิดก่อนกำหนด (ROP) จำแนกตามช่วงเวลาที่ได้รับหัตถการ,2567,zone,error,0,"502 relation ""s_rop4"" does not exist"
842d10410ca25f33a0cafd51c7815325,จำนวนผู้ป่วยเป็นโรคจอตาผิดปกติจากการเกิดก่อนกำหนด (ROP) จำแนกตามช่วงเวลาที่ได้รับหัตถการ,2568,zone,error,0,"502 relation ""s_rop4"" does not exist"
842d10410ca25f33a0cafd51c7815325,จำนวนผู้ป่วยเป็นโรคจอตาผิดปกติจากการเกิดก่อนกำหนด (ROP) จำแนกตามช่วงเวลาที่ได้รับหัตถการ,2569,zone,error,0,"502 relation ""s_rop4"" does not exist"
7bf4381172d5c4e05885f4bf4339e43d,จำนวนหัตถการในผู้ป่วยเป็นโรคจอตาผิดปกติจากการเกิดก่อนกำหนด (ROP),2565,zone,error,0,"502 relation ""s_rop5"" does not exist"
7bf4381172d5c4e05885f4bf4339e43d,จำนวนหัตถการในผู้ป่วยเป็นโรคจอตาผิดปกติจากการเกิดก่อนกำหนด (ROP),2566,zone,error,0,"502 relation ""s_rop5"" does not exist"
7bf4381172d5c4e05885f4bf4339e43d,จำนวนหัตถการในผู้ป่วยเป็นโรคจอตาผิดปกติจากการเกิดก่อนกำหนด (ROP),2567,zone,error,0,"502 relation ""s_rop5"" does not exist"
7bf4381172d5c4e05885f4bf4339e43d,จำนวนหัตถการในผู้ป่วยเป็นโรคจอตาผิดปกติจากการเกิดก่อนกำหนด (ROP),2568,zone,error,0,"502 relation ""s_rop5"" does not exist"
7bf4381172d5c4e05885f4bf4339e43d,จำนวนหัตถการในผู้ป่วยเป็นโรคจอตาผิดปกติจากการเกิดก่อนกำหนด (ROP),2569,zone,error,0,"502 relation ""s_rop5"" does not exist"
47a33f6886e36962dec4bb578819ba64,จำนวนผู้ป่วยโรคไตเรื้อรังที่มารับบริการที่โรงพยาบาล จำแนกตาม Stage (Work Load),2565,provider,ok,11,
47a33f6886e36962dec4bb578819ba64,จำนวนผู้ป่วยโรคไตเรื้อรังที่มารับบริการที่โรงพยาบาล จำแนกตาม Stage (Work Load),2566,provider,ok,11,
47a33f6886e36962dec4bb578819ba64,จำนวนผู้ป่วยโรคไตเรื้อรังที่มารับบริการที่โรงพยาบาล จำแนกตาม Stage (Work Load),2567,provider,ok,11,
47a33f6886e36962dec4bb578819ba64,จำนวนผู้ป่วยโรคไตเรื้อรังที่มารับบริการที่โรงพยาบาล จำแนกตาม Stage (Work Load),2568,provider,ok,11,
47a33f6886e36962dec4bb578819ba64,จำนวนผู้ป่วยโรคไตเรื้อรังที่มารับบริการที่โรงพยาบาล จำแนกตาม Stage (Work Load),2569,provider,ok,11,
e69c7fae93eda2222aa210d5db512290,Stage Change ผู้ป่วยโรคไตเรื้อรัง จำแนกตามโรงพยาบาลที่รักษา (Work Load),2565,provider,ok,14,
e69c7fae93eda2222aa210d5db512290,Stage Change ผู้ป่วยโรคไตเรื้อรัง จำแนกตามโรงพยาบาลที่รักษา (Work Load),2566,provider,ok,14,
e69c7fae93eda2222aa210d5db512290,Stage Change ผู้ป่วยโรคไตเรื้อรัง จำแนกตามโรงพยาบาลที่รักษา (Work Load),2567,provider,ok,14,
e69c7fae93eda2222aa210d5db512290,Stage Change ผู้ป่วยโรคไตเรื้อรัง จำแนกตามโรงพยาบาลที่รักษา (Work Load),2568,provider,ok,14,
e69c7fae93eda2222aa210d5db512290,Stage Change ผู้ป่วยโรคไตเรื้อรัง จำแนกตามโรงพยาบาลที่รักษา (Work Load),2569,provider,ok,14,
5d523ced4c9569123109fa6f4071d35f,จำนวนผู้ป่วยโรคไตเรื้อรังในเขตรับผิดชอบ จำแนกตาม Stage (Coverage),2565,provider,ok,11,
5d523ced4c9569123109fa6f4071d35f,จำนวนผู้ป่วยโรคไตเรื้อรังในเขตรับผิดชอบ จำแนกตาม Stage (Coverage),2566,provider,ok,11,
5d523ced4c9569123109fa6f4071d35f,จำนวนผู้ป่วยโรคไตเรื้อรังในเขตรับผิดชอบ จำแนกตาม Stage (Coverage),2567,provider,ok,11,
5d523ced4c9569123109fa6f4071d35f,จำนวนผู้ป่วยโรคไตเรื้อรังในเขตรับผิดชอบ จำแนกตาม Stage (Coverage),2568,provider,ok,11,
5d523ced4c9569123109fa6f4071d35f,จำนวนผู้ป่วยโรคไตเรื้อรังในเขตรับผิดชอบ จำแนกตาม Stage (Coverage),2569,provider,ok,11,
WaTHdmG7w7OXmbC2MzH2h,ร้อยละผู้ป่วยไตเรื้อรัง stage 5 รายใหม่ ที่ลดลงจากปีงบประมาณก่อนหน้า,2565,provider,error,0,500 
WaTHdmG7w7OXmbC2MzH2h,ร้อยละผู้ป่วยไตเรื้อรัง stage 5 รายใหม่ ที่ลดลงจากปีงบประมาณก่อนหน้า,2566,provider,error,0,500 
WaTHdmG7w7OXmbC2MzH2h,ร้อยละผู้ป่วยไตเรื้อรัง stage 5 รายใหม่ ที่ลดลงจากปีงบประมาณก่อนหน้า,2567,provider,error,0,500 
WaTHdmG7w7OXmbC2MzH2h,ร้อยละผู้ป่วยไตเรื้อรัง stage 5 รายใหม่ ที่ลดลงจากปีงบประมาณก่อนหน้า,2568,provider,ok,3,
WaTHdmG7w7OXmbC2MzH2h,ร้อยละผู้ป่วยไตเรื้อรัง stage 5 รายใหม่ ที่ลดลงจากปีงบประมาณก่อนหน้า,2569,provider,ok,3,
418ae93a872547ebe2fbf0ff4f73e65e,อัตราผู้ป่วยความดันโลหิตสูงและเบาหวานรายใหม่,2565,provider,ok,2,
418ae93a872547ebe2fbf0ff4f73e65e,อัตราผู้ป่วยความดันโลหิตสูงและเบาหวานรายใหม่,2566,provider,ok,2,
418ae93a872547ebe2fbf0ff4f73e65e,อัตราผู้ป่วยความดันโลหิตสูงและเบาหวานรายใหม่,2567,provider,ok,2,
418ae93a872547ebe2fbf0ff4f73e65e,อัตราผู้ป่วยความดันโลหิตสูงและเบาหวานรายใหม่,2568,provider,ok,2,
418ae93a872547ebe2fbf0ff4f73e65e,อัตราผู้ป่วยความดันโลหิตสูงและเบาหวานรายใหม่,2569,provider,ok,2,
df9a12ff1c86ab1b29b3e47118bcd535,ร้อยละของผู้ป่วยโรคเบาหวานและโรคความดันโลหิตสูงที่ควบคุมได้,2565,provider,ok,6,
df9a12ff1c86ab1b29b3e47118bcd535,ร้อยละของผู้ป่วยโรคเบาหวานและโรคความดันโลหิตสูงที่ควบคุมได้,2566,provider,ok,6,
df9a12ff1c86ab1b29b3e47118bcd535,ร้อยละของผู้ป่วยโรคเบาหวานและโรคความดันโลหิตสูงที่ควบคุมได้,2567,provider,ok,6,
df9a12ff1c86ab1b29b3e47118bcd535,ร้อยละของผู้ป่วยโรคเบาหวานและโรคความดันโลหิตสูงที่ควบคุมได้,2568,provider,ok,6,
df9a12ff1c86ab1b29b3e47118bcd535,ร้อยละของผู้ป่วยโรคเบาหวานและโรคความดันโลหิตสูงที่ควบคุมได้,2569,provider,ok,6,
926d358e3527fba253d306f18bac1b16,ร้อยละของผู้ป่วยเบาหวาน และ/หรือ ความดันโลหิตสูงที่ปัจจุบันยังสูบบุหรี่ลดลงจากปีงบประมาณที่ผ่านมา,2565,provider,ok,3,
926d358e3527fba253d306f18bac1b16,ร้อยละของผู้ป่วยเบาหวาน และ/หรือ ความดันโลหิตสูงที่ปัจจุบันยังสูบบุหรี่ลดลงจากปีงบประมาณที่ผ่านมา,2566,provider,ok,3,
926d358e3527fba253d306f18bac1b16,ร้อยละของผู้ป่วยเบาหวาน และ/หรือ ความดันโลหิตสูงที่ปัจจุบันยังสูบบุหรี่ลดลงจากปีงบประมาณที่ผ่านมา,2567,provider,ok,3,
926d358e3527fba253d306f18bac1b16,ร้อยละของผู้ป่วยเบาหวาน และ/หรือ ความดันโลหิตสูงที่ปัจจุบันยังสูบบุหรี่ลดลงจากปีงบประมาณที่ผ่านมา,2568,provider,ok,3,
926d358e3527fba253d306f18bac1b16,ร้อยละของผู้ป่วยเบาหวาน และ/หรือ ความดันโลหิตสูงที่ปัจจุบันยังสูบบุหรี่ลดลงจากปีงบประมาณที่ผ่านมา,2569,provider,ok,3,
752f4de6e90d3e41b3cb8f8104b2e8bd,ร้อยละของผู้ป่วยเบาหวาน และ/หรือ ความดันโลหิตสูง ที่เป็น CKD 3-4 ชะลอการลดลงของ eGFR ได้ตามเป้าหมาย,2565,provider,ok,3,
752f4de6e90d3e41b3cb8f8104b2e8bd,ร้อยละของผู้ป่วยเบาหวาน และ/หรือ ความดันโลหิตสูง ที่เป็น CKD 3-4 ชะลอการลดลงของ eGFR ได้ตามเป้าหมาย,2566,provider,ok,3,
752f4de6e90d3e41b3cb8f8104b2e8bd,ร้อยละของผู้ป่วยเบาหวาน และ/หรือ ความดันโลหิตสูง ที่เป็น CKD 3-4 ชะลอการลดลงของ eGFR ได้ตามเป้าหมาย,2567,provider,ok,3,
752f4de6e90d3e41b3cb8f8104b2e8bd,ร้อยละของผู้ป่วยเบาหวาน และ/หรือ ความดันโลหิตสูง ที่เป็น CKD 3-4 ชะลอการลดลงของ eGFR ได้ตามเป้าหมาย,2568,provider,ok,3,
752f4de6e90d3e41b3cb8f8104b2e8bd,ร้อยละของผู้ป่วยเบาหวาน และ/หรือ ความดันโลหิตสูง ที่เป็น CKD 3-4 ชะลอการลดลงของ eGFR ได้ตามเป้าหมาย,2569,provider,ok,3,
d5d8c4ae88e070d81b15dd4ed51294f3,ร้อยละของผู้ป่วยเบาหวาน และ/หรือ ความดันโลหิตสูงที่เป็น CKD 1-4 และได้รับยา ACEi/ARB,2565,provider,ok,15,
d5d8c4ae88e070d81b15dd4ed51294f3,ร้อยละของผู้ป่วยเบาหวาน และ/หรือ ความดันโลหิตสูงที่เป็น CKD 1-4 และได้รับยา ACEi/ARB,2566,provider,ok,15,
d5d8c4ae88e070d81b15dd4ed51294f3,ร้อยละของผู้ป่วยเบาหวาน และ/หรือ ความดันโลหิตสูงที่เป็น CKD 1-4 และได้รับยา ACEi/ARB,2567,provider,ok,15,
d5d8c4ae88e070d81b15dd4ed51294f3,ร้อยละของผู้ป่วยเบาหวาน และ/หรือ ความดันโลหิตสูงที่เป็น CKD 1-4 และได้รับยา ACEi/ARB,2568,provider,ok,15,
d5d8c4ae88e070d81b15dd4ed51294f3,ร้อยละของผู้ป่วยเบาหวาน และ/หรือ ความดันโลหิตสูงที่เป็น CKD 1-4 และได้รับยา ACEi/ARB,2569,provider,ok,15,
fdc28cd7317936b7b734cec34103524c,ร้อยละของผู้ป่วยโรคเบาหวานที่ได้รับการตรวจ HbA1c อย่างน้อย 1 ครั้ง/ปี,2565,provider,ok,6,
fdc28cd7317936b7b734cec34103524c,ร้อยละของผู้ป่วยโรคเบาหวานที่ได้รับการตรวจ HbA1c อย่างน้อย 1 ครั้ง/ปี,2566,provider,ok,6,
fdc28cd7317936b7b734cec34103524c,ร้อยละของผู้ป่วยโรคเบาหวานที่ได้รับการตรวจ HbA1c อย่างน้อย 1 ครั้ง/ปี,2567,provider,ok,6,
fdc28cd7317936b7b734cec34103524c,ร้อยละของผู้ป่วยโรคเบาหวานที่ได้รับการตรวจ HbA1c อย่างน้อย 1 ครั้ง/ปี,2568,provider,ok,6,
fdc28cd7317936b7b734cec34103524c,ร้อยละของผู้ป่วยโรคเบาหวานที่ได้รับการตรวจ HbA1c อย่างน้อย 1 ครั้ง/ปี,2569,provider,ok,10,
62cdb786f231afbaaaaaac1d5ff844b0,อัตราป่วยรายใหม่ของโรคปอดอุดกั้นเรื้อรัง,2565,provider,ok,15,
62cdb786f231afbaaaaaac1d5ff844b0,อัตราป่วยรายใหม่ของโรคปอดอุดกั้นเรื้อรัง,2566,provider,ok,15,
62cdb786f231afbaaaaaac1d5ff844b0,อัตราป่วยรายใหม่ของโรคปอดอุดกั้นเรื้อรัง,2567,provider,ok,15,
62cdb786f231afbaaaaaac1d5ff844b0,อัตราป่วยรายใหม่ของโรคปอดอุดกั้นเรื้อรัง,2568,provider,ok,15,
62cdb786f231afbaaaaaac1d5ff844b0,อัตราป่วยรายใหม่ของโรคปอดอุดกั้นเรื้อรัง,2569,provider,ok,15,
33b1c30a4652927ac32fee24e8906170,อัตราการป่วยด้วยโรคปอดอุดกั้นเรื้อรัง,2565,provider,ok,18,
33b1c30a4652927ac32fee24e8906170,อัตราการป่วยด้วยโรคปอดอุดกั้นเรื้อรัง,2566,provider,ok,18,
33b1c30a4652927ac32fee24e8906170,อัตราการป่วยด้วยโรคปอดอุดกั้นเรื้อรัง,2567,provider,ok,18,
33b1c30a4652927ac32fee24e8906170,อัตราการป่วยด้วยโรคปอดอุดกั้นเรื้อรัง,2568,provider,ok,18,
33b1c30a4652927ac32fee24e8906170,อัตราการป่วยด้วยโรคปอดอุดกั้นเรื้อรัง,2569,provider,ok,18,
3bcec2a91eb03924f0b2714a85ee5b95,อัตราการป่วยตายด้วยโรคปอดอุดกั้นเรื้อรัง,2565,provider,ok,18,
3bcec2a91eb03924f0b2714a85ee5b95,อัตราการป่วยตายด้วยโรคปอดอุดกั้นเรื้อรัง,2566,provider,ok,18,
3bcec2a91eb03924f0b2714a85ee5b95,อัตราการป่วยตายด้วยโรคปอดอุดกั้นเรื้อรัง,2567,provider,ok,18,
3bcec2a91eb03924f0b2714a85ee5b95,อัตราการป่วยตายด้วยโรคปอดอุดกั้นเรื้อรัง,2568,provider,ok,18,
3bcec2a91eb03924f0b2714a85ee5b95,อัตราการป่วยตายด้วยโรคปอดอุดกั้นเรื้อรัง,2569,provider,ok,18,
8dc31d2079e509de188a3b0117459379,อัตราการเกิดการกำเริบเฉียบพลันในผู้ป่วยโรคปอดอุดกั้นเรื้อรังต่อประชากรอายุ 15 ปีขึ้นไป,2565,provider,ok,11,
8dc31d2079e509de188a3b0117459379,อัตราการเกิดการกำเริบเฉียบพลันในผู้ป่วยโรคปอดอุดกั้นเรื้อรังต่อประชากรอายุ 15 ปีขึ้นไป,2566,provider,ok,11,
8dc31d2079e509de188a3b0117459379,อัตราการเกิดการกำเริบเฉียบพลันในผู้ป่วยโรคปอดอุดกั้นเรื้อรังต่อประชากรอายุ 15 ปีขึ้นไป,2567,provider,ok,11,
8dc31d2079e509de188a3b0117459379,อัตราการเกิดการกำเริบเฉียบพลันในผู้ป่วยโรคปอดอุดกั้นเรื้อรังต่อประชากรอายุ 15 ปีขึ้นไป,2568,provider,ok,11,
8dc31d2079e509de188a3b0117459379,อัตราการเกิดการกำเริบเฉียบพลันในผู้ป่วยโรคปอดอุดกั้นเรื้อรังต่อประชากรอายุ 15 ปีขึ้นไป,2569,provider,ok,11,
2ad3fe5a63502901dfb2a8fc231c27dc,อัตราการเกิดการกำเริบเฉียบพลันในผู้ป่วยโรคปอดอุดกั้นเรื้อรัง(ผู้ป่วยอายุ 40 ปีขึ้นไป),2565,provider,ok,6,
2ad3fe5a63502901dfb2a8fc231c27dc,อัตราการเกิดการกำเริบเฉียบพลันในผู้ป่วยโรคปอดอุดกั้นเรื้อรัง(ผู้ป่วยอายุ 40 ปีขึ้นไป),2566,provider,ok,6,
2ad3fe5a63502901dfb2a8fc231c27dc,อัตราการเกิดการกำเริบเฉียบพลันในผู้ป่วยโรคปอดอุดกั้นเรื้อรัง(ผู้ป่วยอายุ 40 ปีขึ้นไป),2567,provider,ok,6,
2ad3fe5a63502901dfb2a8fc231c27dc,อัตราการเกิดการกำเริบเฉียบพลันในผู้ป่วยโรคปอดอุดกั้นเรื้อรัง(ผู้ป่วยอายุ 40 ปีขึ้นไป),2568,provider,ok,6,
2ad3fe5a63502901dfb2a8fc231c27dc,อัตราการเกิดการกำเริบเฉียบพลันในผู้ป่วยโรคปอดอุดกั้นเรื้อรัง(ผู้ป่วยอายุ 40 ปีขึ้นไป),2569,provider,ok,6,
a7dfd5a2bb045c08129446ca192091bd,อัตราป่วยรายใหม่ของโรคหืด,2565,provider,ok,15,
a7dfd5a2bb045c08129446ca192091bd,อัตราป่วยรายใหม่ของโรคหืด,2566,provider,ok,15,
a7dfd5a2bb045c08129446ca192091bd,อัตราป่วยรายใหม่ของโรคหืด,2567,provider,ok,15,
a7dfd5a2bb045c08129446ca192091bd,อัตราป่วยรายใหม่ของโรคหืด,2568,provider,ok,15,
a7dfd5a2bb045c08129446ca192091bd,อัตราป่วยรายใหม่ของโรคหืด,2569,provider,ok,15,
7e7d15e75bfd9abce62d54c938ecfadd,อัตราการกำเริบเฉียบพลันในผู้ป่วยโรคหืด ที่ต้องได้รับการรักษาในโรงพยาบาล,2565,provider,ok,9,
7e7d15e75bfd9abce62d54c938ecfadd,อัตราการกำเริบเฉียบพลันในผู้ป่วยโรคหืด ที่ต้องได้รับการรักษาในโรงพยาบาล,2566,provider,ok,9,
7e7d15e75bfd9abce62d54c938ecfadd,อัตราการกำเริบเฉียบพลันในผู้ป่วยโรคหืด ที่ต้องได้รับการรักษาในโรงพยาบาล,2567,provider,ok,9,
7e7d15e75bfd9abce62d54c938ecfadd,อัตราการกำเริบเฉียบพลันในผู้ป่วยโรคหืด ที่ต้องได้รับการรักษาในโรงพยาบาล,2568,provider,ok,9,
7e7d15e75bfd9abce62d54c938ecfadd,อัตราการกำเริบเฉียบพลันในผู้ป่วยโรคหืด ที่ต้องได้รับการรักษาในโรงพยาบาล,2569,provider,ok,9,
7e8a02faa481c5dd4e0406f1965c910a,อัตราการกำเริบเฉียบพลันในผู้ป่วยโรคหืด ที่ได้รับการรักษาในภาวะฉุกเฉิน,2565,provider,ok,9,
7e8a02faa481c5dd4e0406f1965c910a,อัตราการกำเริบเฉียบพลันในผู้ป่วยโรคหืด ที่ได้รับการรักษาในภาวะฉุกเฉิน,2566,provider,ok,9,
7e8a02faa481c5dd4e0406f1965c910a,อัตราการกำเริบเฉียบพลันในผู้ป่วยโรคหืด ที่ได้รับการรักษาในภาวะฉุกเฉิน,2567,provider,ok,9,
7e8a02faa481c5dd4e0406f1965c910a,อัตราการกำเริบเฉียบพลันในผู้ป่วยโรคหืด ที่ได้รับการรักษาในภาวะฉุกเฉิน,2568,provider,ok,9,
7e8a02faa481c5dd4e0406f1965c910a,อัตราการกำเริบเฉียบพลันในผู้ป่วยโรคหืด ที่ได้รับการรักษาในภาวะฉุกเฉิน,2569,provider,ok,9,
679gf1rmhjczfo82khkk9,อัตราการกำเริบเฉียบพลันที่ได้รับการรักษาในห้องฉุกเฉินหรือ ผู้ป่วยนอก หรือต้องนอนรักษาในโรงพยาบาลในผู้ป่วยโรคหืด อายุน้อยกว่า 15 ปี (ครั้งต่อ 100 ผู้ป่วยโรคหืด),2565,provider,error,0,500 
679gf1rmhjczfo82khkk9,อัตราการกำเริบเฉียบพลันที่ได้รับการรักษาในห้องฉุกเฉินหรือ ผู้ป่วยนอก หรือต้องนอนรักษาในโรงพยาบาลในผู้ป่วยโรคหืด อายุน้อยกว่า 15 ปี (ครั้งต่อ 100 ผู้ป่วยโรคหืด),2566,provider,error,0,500 
679gf1rmhjczfo82khkk9,อัตราการกำเริบเฉียบพลันที่ได้รับการรักษาในห้องฉุกเฉินหรือ ผู้ป่วยนอก หรือต้องนอนรักษาในโรงพยาบาลในผู้ป่วยโรคหืด อายุน้อยกว่า 15 ปี (ครั้งต่อ 100 ผู้ป่วยโรคหืด),2567,provider,error,0,500 
679gf1rmhjczfo82khkk9,อัตราการกำเริบเฉียบพลันที่ได้รับการรักษาในห้องฉุกเฉินหรือ ผู้ป่วยนอก หรือต้องนอนรักษาในโรงพยาบาลในผู้ป่วยโรคหืด อายุน้อยกว่า 15 ปี (ครั้งต่อ 100 ผู้ป่วยโรคหืด),2568,provider,error,0,502 Cannot read properties of undefined (reading 'query')
679gf1rmhjczfo82khkk9,อัตราการกำเริบเฉียบพลันที่ได้รับการรักษาในห้องฉุกเฉินหรือ ผู้ป่วยนอก หรือต้องนอนรักษาในโรงพยาบาลในผู้ป่วยโรคหืด อายุน้อยกว่า 15 ปี (ครั้งต่อ 100 ผู้ป่วยโรคหืด),2569,provider,error,0,502 Cannot read properties of undefined (reading 'query')
qkx435pwp0c2l44qtaubk,อัตราการกำเริบเฉียบพลันที่ได้รับการรักษาในห้องฉุกเฉินหรือ ผู้ป่วยนอก หรือต้องนอนรักษาในโรงพยาบาลในผู้ป่วยโรคหืด อายุ 15 ปีขึ้นไป (ครั้งต่อ 100 ผู้ป่วยโรคหืด),2565,provider,error,0,500 
qkx435pwp0c2l44qtaubk,อัตราการกำเริบเฉียบพลันที่ได้รับการรักษาในห้องฉุกเฉินหรือ ผู้ป่วยนอก หรือต้องนอนรักษาในโรงพยาบาลในผู้ป่วยโรคหืด อายุ 15 ปีขึ้นไป (ครั้งต่อ 100 ผู้ป่วยโรคหืด),2566,provider,error,0,500 
qkx435pwp0c2l44qtaubk,อัตราการกำเริบเฉียบพลันที่ได้รับการรักษาในห้องฉุกเฉินหรือ ผู้ป่วยนอก หรือต้องนอนรักษาในโรงพยาบาลในผู้ป่วยโรคหืด อายุ 15 ปีขึ้นไป (ครั้งต่อ 100 ผู้ป่วยโรคหืด),2567,provider,error,0,500 
qkx435pwp0c2l44qtaubk,อัตราการกำเริบเฉียบพลันที่ได้รับการรักษาในห้องฉุกเฉินหรือ ผู้ป่วยนอก หรือต้องนอนรักษาในโรงพยาบาลในผู้ป่วยโรคหืด อายุ 15 ปีขึ้นไป (ครั้งต่อ 100 ผู้ป่วยโรคหืด),2568,provider,error,0,502 Cannot read properties of undefined (reading 'query')
qkx435pwp0c2l44qtaubk,อัตราการกำเริบเฉียบพลันที่ได้รับการรักษาในห้องฉุกเฉินหรือ ผู้ป่วยนอก หรือต้องนอนรักษาในโรงพยาบาลในผู้ป่วยโรคหืด อายุ 15 ปีขึ้นไป (ครั้งต่อ 100 ผู้ป่วยโรคหืด),2569,provider,error,0,502 Cannot read properties of undefined (reading 'query')
d8fa7339c10c7eccd02529be81ebb8a5,ร้อยละการใช้ยาปฏิชีวนะในโรคติดเชื้อที่ระบบการหายใจช่วงบนและหลอดลมอักเสบเฉียบพลันในผู้ป่วยนอก ระดับโรงพยาบาล (RI),2565,provider,ok,3,
d8fa7339c10c7eccd02529be81ebb8a5,ร้อยละการใช้ยาปฏิชีวนะในโรคติดเชื้อที่ระบบการหายใจช่วงบนและหลอดลมอักเสบเฉียบพลันในผู้ป่วยนอก ระดับโรงพยาบาล (RI),2566,provider,ok,3,
d8fa7339c10c7eccd02529be81ebb8a5,ร้อยละการใช้ยาปฏิชีวนะในโรคติดเชื้อที่ระบบการหายใจช่วงบนและหลอดลมอักเสบเฉียบพลันในผู้ป่วยนอก ระดับโรงพยาบาล (RI),2567,provider,ok,3,
d8fa7339c10c7eccd02529be81ebb8a5,ร้อยละการใช้ยาปฏิชีวนะในโรคติดเชื้อที่ระบบการหายใจช่วงบนและหลอดลมอักเสบเฉียบพลันในผู้ป่วยนอก ระดับโรงพยาบาล (RI),2568,provider,ok,3,
d8fa7339c10c7eccd02529be81ebb8a5,ร้อยละการใช้ยาปฏิชีวนะในโรคติดเชื้อที่ระบบการหายใจช่วงบนและหลอดลมอักเสบเฉียบพลันในผู้ป่วยนอก ระดับโรงพยาบาล (RI),2569,provider,ok,3,
b307f1d136925d2c20940e5cc9c49ec7,ร้อยละการใช้ยาปฏิชีวนะในโรคอุจจาระร่วงเฉียบพลันในผู้ป่วยนอก ระดับโรงพยาบาล (AD),2565,provider,ok,3,
b307f1d136925d2c20940e5cc9c49ec7,ร้อยละการใช้ยาปฏิชีวนะในโรคอุจจาระร่วงเฉียบพลันในผู้ป่วยนอก ระดับโรงพยาบาล (AD),2566,provider,ok,3,
b307f1d136925d2c20940e5cc9c49ec7,ร้อยละการใช้ยาปฏิชีวนะในโรคอุจจาระร่วงเฉียบพลันในผู้ป่วยนอก ระดับโรงพยาบาล (AD),2567,provider,ok,3,
b307f1d136925d2c20940e5cc9c49ec7,ร้อยละการใช้ยาปฏิชีวนะในโรคอุจจาระร่วงเฉียบพลันในผู้ป่วยนอก ระดับโรงพยาบาล (AD),2568,provider,ok,3,
b307f1d136925d2c20940e5cc9c49ec7,ร้อยละการใช้ยาปฏิชีวนะในโรคอุจจาระร่วงเฉียบพลันในผู้ป่วยนอก ระดับโรงพยาบาล (AD),2569,provider,ok,3,
1fa1fd876237284f018ec8356cad29b1,ร้อยละการใช้ยาปฏิชีวนะในบาดแผลสดจากอุบัติเหตุ ระดับโรงพยาบาล (FTW),2565,provider,ok,6,
1fa1fd876237284f018ec8356cad29b1,ร้อยละการใช้ยาปฏิชีวนะในบาดแผลสดจากอุบัติเหตุ ระดับโรงพยาบาล (FTW),2566,provider,ok,6,
1fa1fd876237284f018ec8356cad29b1,ร้อยละการใช้ยาปฏิชีวนะในบาดแผลสดจากอุบัติเหตุ ระดับโรงพยาบาล (FTW),2567,provider,ok,6,
1fa1fd876237284f018ec8356cad29b1,ร้อยละการใช้ยาปฏิชีวนะในบาดแผลสดจากอุบัติเหตุ ระดับโรงพยาบาล (FTW),2568,provider,ok,6,
1fa1fd876237284f018ec8356cad29b1,ร้อยละการใช้ยาปฏิชีวนะในบาดแผลสดจากอุบัติเหตุ ระดับโรงพยาบาล (FTW),2569,provider,ok,6,
bafab2dfb51f4042a3af4297a7a9fc8d,ร้อยละการใช้ยาปฏิชีวนะในหญิงคลอดปกติครบกำหนดทางช่องคลอด ระดับโรงพยาบาล (APL),2565,provider,ok,6,
bafab2dfb51f4042a3af4297a7a9fc8d,ร้อยละการใช้ยาปฏิชีวนะในหญิงคลอดปกติครบกำหนดทางช่องคลอด ระดับโรงพยาบาล (APL),2566,provider,ok,6,
bafab2dfb51f4042a3af4297a7a9fc8d,ร้อยละการใช้ยาปฏิชีวนะในหญิงคลอดปกติครบกำหนดทางช่องคลอด ระดับโรงพยาบาล (APL),2567,provider,ok,6,
bafab2dfb51f4042a3af4297a7a9fc8d,ร้อยละการใช้ยาปฏิชีวนะในหญิงคลอดปกติครบกำหนดทางช่องคลอด ระดับโรงพยาบาล (APL),2568,provider,ok,6,
bafab2dfb51f4042a3af4297a7a9fc8d,ร้อยละการใช้ยาปฏิชีวนะในหญิงคลอดปกติครบกำหนดทางช่องคลอด ระดับโรงพยาบาล (APL),2569,provider,ok,6,
b4f7ec19819d99dc5bd04ae1815befdf,ร้อยละของผู้ป่วยความดันสูง (Essential hypertension) ที่ใช้ RAS blockade (ACEI/ ARB/ Renin inhibitor) 2 ชนิดร่วมกันในการรักษาภาวะความดันเลือดสูง,2565,provider,ok,15,
b4f7ec19819d99dc5bd04ae1815befdf,ร้อยละของผู้ป่วยความดันสูง (Essential hypertension) ที่ใช้ RAS blockade (ACEI/ ARB/ Renin inhibitor) 2 ชนิดร่วมกันในการรักษาภาวะความดันเลือดสูง,2566,provider,ok,15,
b4f7ec19819d99dc5bd04ae1815befdf,ร้อยละของผู้ป่วยความดันสูง (Essential hypertension) ที่ใช้ RAS blockade (ACEI/ ARB/ Renin inhibitor) 2 ชนิดร่วมกันในการรักษาภาวะความดันเลือดสูง,2567,provider,ok,15,
b4f7ec19819d99dc5bd04ae1815befdf,ร้อยละของผู้ป่วยความดันสูง (Essential hypertension) ที่ใช้ RAS blockade (ACEI/ ARB/ Renin inhibitor) 2 ชนิดร่วมกันในการรักษาภาวะความดันเลือดสูง,2568,provider,ok,15,
b4f7ec19819d99dc5bd04ae1815befdf,ร้อยละของผู้ป่วยความดันสูง (Essential hypertension) ที่ใช้ RAS blockade (ACEI/ ARB/ Renin inhibitor) 2 ชนิดร่วมกันในการรักษาภาวะความดันเลือดสูง,2569,provider,ok,15,
b122a679459b573dcc7cd08875ba1702,ร้อยละของผู้ป่วยนอกโรคเบาหวานที่ใช้ยา metformin เป็นยาชนิดเดียวหรือร่วมกับยาอื่นเพื่อควบคุมระดับน้ำตาล โดยไม่มีข้อห้ามใช้,2565,provider,ok,3,
b122a679459b573dcc7cd08875ba1702,ร้อยละของผู้ป่วยนอกโรคเบาหวานที่ใช้ยา metformin เป็นยาชนิดเดียวหรือร่วมกับยาอื่นเพื่อควบคุมระดับน้ำตาล โดยไม่มีข้อห้ามใช้,2566,provider,ok,3,
b122a679459b573dcc7cd08875ba1702,ร้อยละของผู้ป่วยนอกโรคเบาหวานที่ใช้ยา metformin เป็นยาชนิดเดียวหรือร่วมกับยาอื่นเพื่อควบคุมระดับน้ำตาล โดยไม่มีข้อห้ามใช้,2567,provider,ok,3,
b122a679459b573dcc7cd08875ba1702,ร้อยละของผู้ป่วยนอกโรคเบาหวานที่ใช้ยา metformin เป็นยาชนิดเดียวหรือร่วมกับยาอื่นเพื่อควบคุมระดับน้ำตาล โดยไม่มีข้อห้ามใช้,2568,provider,ok,3,
b122a679459b573dcc7cd08875ba1702,ร้อยละของผู้ป่วยนอกโรคเบาหวานที่ใช้ยา metformin เป็นยาชนิดเดียวหรือร่วมกับยาอื่นเพื่อควบคุมระดับน้ำตาล โดยไม่มีข้อห้ามใช้,2569,provider,ok,3,
3214dc5ebe2f388fbbcda2d773808425,ร้อยละของผู้ป่วยที่มีการใช้ยากลุ่ม NSAIDs ซ้ำซ้อน,2565,provider,ok,15,
3214dc5ebe2f388fbbcda2d773808425,ร้อยละของผู้ป่วยที่มีการใช้ยากลุ่ม NSAIDs ซ้ำซ้อน,2566,provider,ok,15,
3214dc5ebe2f388fbbcda2d773808425,ร้อยละของผู้ป่วยที่มีการใช้ยากลุ่ม NSAIDs ซ้ำซ้อน,2567,provider,ok,15,
3214dc5ebe2f388fbbcda2d773808425,ร้อยละของผู้ป่วยที่มีการใช้ยากลุ่ม NSAIDs ซ้ำซ้อน,2568,provider,ok,15,
3214dc5ebe2f388fbbcda2d773808425,ร้อยละของผู้ป่วยที่มีการใช้ยากลุ่ม NSAIDs ซ้ำซ้อน,2569,provider,ok,15,
b06c7547eb3aa2cb735999bfee7e0eee,ร้อยละของผู้ป่วยนอกโรคไตเรื้อรังระดับ 3 ขึ้นไปที่ได้รับยา NSAIDs,2565,provider,ok,3,
b06c7547eb3aa2cb735999bfee7e0eee,ร้อยละของผู้ป่วยนอกโรคไตเรื้อรังระดับ 3 ขึ้นไปที่ได้รับยา NSAIDs,2566,provider,ok,3,
b06c7547eb3aa2cb735999bfee7e0eee,ร้อยละของผู้ป่วยนอกโรคไตเรื้อรังระดับ 3 ขึ้นไปที่ได้รับยา NSAIDs,2567,provider,ok,3,
b06c7547eb3aa2cb735999bfee7e0eee,ร้อยละของผู้ป่วยนอกโรคไตเรื้อรังระดับ 3 ขึ้นไปที่ได้รับยา NSAIDs,2568,provider,ok,3,
b06c7547eb3aa2cb735999bfee7e0eee,ร้อยละของผู้ป่วยนอกโรคไตเรื้อรังระดับ 3 ขึ้นไปที่ได้รับยา NSAIDs,2569,provider,ok,3,
e135d389fb049056ceb26d85668358ab,"ร้อยละผู้ป่วยนอกสูงอายุที่ใช้ยากลุ่ม long-acting benzodiazepine ได้แก่ chlordiazepoxide, diazepam, dipotassium chlorazepate",2565,provider,ok,3,
e135d389fb049056ceb26d85668358ab,"ร้อยละผู้ป่วยนอกสูงอายุที่ใช้ยากลุ่ม long-acting benzodiazepine ได้แก่ chlordiazepoxide, diazepam, dipotassium chlorazepate",2566,provider,ok,3,
e135d389fb049056ceb26d85668358ab,"ร้อยละผู้ป่วยนอกสูงอายุที่ใช้ยากลุ่ม long-acting benzodiazepine ได้แก่ chlordiazepoxide, diazepam, dipotassium chlorazepate",2567,provider,ok,3,
e135d389fb049056ceb26d85668358ab,"ร้อยละผู้ป่วยนอกสูงอายุที่ใช้ยากลุ่ม long-acting benzodiazepine ได้แก่ chlordiazepoxide, diazepam, dipotassium chlorazepate",2568,provider,ok,3,
e135d389fb049056ceb26d85668358ab,"ร้อยละผู้ป่วยนอกสูงอายุที่ใช้ยากลุ่ม long-acting benzodiazepine ได้แก่ chlordiazepoxide, diazepam, dipotassium chlorazepate",2569,provider,ok,3,
c38867aa715186862bbd55b35de4082b,จำนวนสตรีตั้งครรภ์ที่ได้รับยาที่ห้ามใช้ ได้แก่ยา Warfarin หรือ Statins หรือ Ergots เมื่อรู้ว่าตั้งครรภ์แล้ว,2565,provider,ok,3,
c38867aa715186862bbd55b35de4082b,จำนวนสตรีตั้งครรภ์ที่ได้รับยาที่ห้ามใช้ ได้แก่ยา Warfarin หรือ Statins หรือ Ergots เมื่อรู้ว่าตั้งครรภ์แล้ว,2566,provider,ok,3,
c38867aa715186862bbd55b35de4082b,จำนวนสตรีตั้งครรภ์ที่ได้รับยาที่ห้ามใช้ ได้แก่ยา Warfarin หรือ Statins หรือ Ergots เมื่อรู้ว่าตั้งครรภ์แล้ว,2567,provider,ok,3,
c38867aa715186862bbd55b35de4082b,จำนวนสตรีตั้งครรภ์ที่ได้รับยาที่ห้ามใช้ ได้แก่ยา Warfarin หรือ Statins หรือ Ergots เมื่อรู้ว่าตั้งครรภ์แล้ว,2568,provider,ok,3,
c38867aa715186862bbd55b35de4082b,จำนวนสตรีตั้งครรภ์ที่ได้รับยาที่ห้ามใช้ ได้แก่ยา Warfarin หรือ Statins หรือ Ergots เมื่อรู้ว่าตั้งครรภ์แล้ว,2569,provider,ok,3,
79b7ac5f1354e27ae9f5a71af99189b9,ร้อยละครั้งบริการ (visit) ผู้ป่วยเด็ก ที่ได้รับการวินิจฉัยเป็นโรคติดเชื้อของทางเดินหายใจ และได้รับยาต้านฮิสตามีนชนิด non-sedating,2565,provider,ok,15,
79b7ac5f1354e27ae9f5a71af99189b9,ร้อยละครั้งบริการ (visit) ผู้ป่วยเด็ก ที่ได้รับการวินิจฉัยเป็นโรคติดเชื้อของทางเดินหายใจ และได้รับยาต้านฮิสตามีนชนิด non-sedating,2566,provider,ok,15,
79b7ac5f1354e27ae9f5a71af99189b9,ร้อยละครั้งบริการ (visit) ผู้ป่วยเด็ก ที่ได้รับการวินิจฉัยเป็นโรคติดเชื้อของทางเดินหายใจ และได้รับยาต้านฮิสตามีนชนิด non-sedating,2567,provider,ok,15,
79b7ac5f1354e27ae9f5a71af99189b9,ร้อยละครั้งบริการ (visit) ผู้ป่วยเด็ก ที่ได้รับการวินิจฉัยเป็นโรคติดเชื้อของทางเดินหายใจ และได้รับยาต้านฮิสตามีนชนิด non-sedating,2568,provider,ok,15,
79b7ac5f1354e27ae9f5a71af99189b9,ร้อยละครั้งบริการ (visit) ผู้ป่วยเด็ก ที่ได้รับการวินิจฉัยเป็นโรคติดเชื้อของทางเดินหายใจ และได้รับยาต้านฮิสตามีนชนิด non-sedating,2569,provider,ok,15,
0c4225465bf3b70c7359af42b8775ef6,ร้อยละของโรงพยาบาล ส่งเสริมการใช้ยาอย่างสมเหตุผล,2565,provider,ok,19,
0c4225465bf3b70c7359af42b8775ef6,ร้อยละของโรงพยาบาล ส่งเสริมการใช้ยาอย่างสมเหตุผล,2566,provider,ok,19,
0c4225465bf3b70c7359af42b8775ef6,ร้อยละของโรงพยาบาล ส่งเสริมการใช้ยาอย่างสมเหตุผล,2567,provider,ok,19,
0c4225465bf3b70c7359af42b8775ef6,ร้อยละของโรงพยาบาล ส่งเสริมการใช้ยาอย่างสมเหตุผล,2568,provider,ok,19,
0c4225465bf3b70c7359af42b8775ef6,ร้อยละของโรงพยาบาล ส่งเสริมการใช้ยาอย่างสมเหตุผล,2569,provider,ok,19,
d1ccec314e92875acb5142769eb479a2,ร้อยละการใช้ยาปฏิชีวนะในโรคติดเชื้อที่ระบบการหายใจช่วงบนและหลอดลมอักเสบเฉียบพลันในผู้ป่วยนอก ระดับ รพ.สต.(RI - PCU),2565,provider,ok,15,
d1ccec314e92875acb5142769eb479a2,ร้อยละการใช้ยาปฏิชีวนะในโรคติดเชื้อที่ระบบการหายใจช่วงบนและหลอดลมอักเสบเฉียบพลันในผู้ป่วยนอก ระดับ รพ.สต.(RI - PCU),2566,provider,ok,15,
d1ccec314e92875acb5142769eb479a2,ร้อยละการใช้ยาปฏิชีวนะในโรคติดเชื้อที่ระบบการหายใจช่วงบนและหลอดลมอักเสบเฉียบพลันในผู้ป่วยนอก ระดับ รพ.สต.(RI - PCU),2567,provider,ok,15,
d1ccec314e92875acb5142769eb479a2,ร้อยละการใช้ยาปฏิชีวนะในโรคติดเชื้อที่ระบบการหายใจช่วงบนและหลอดลมอักเสบเฉียบพลันในผู้ป่วยนอก ระดับ รพ.สต.(RI - PCU),2568,provider,ok,15,
d1ccec314e92875acb5142769eb479a2,ร้อยละการใช้ยาปฏิชีวนะในโรคติดเชื้อที่ระบบการหายใจช่วงบนและหลอดลมอักเสบเฉียบพลันในผู้ป่วยนอก ระดับ รพ.สต.(RI - PCU),2569,provider,ok,15,
2103caa0f068d4575720600d78d5ad65,ร้อยละการใช้ยาปฏิชีวนะในโรคอุจจาระร่วงเฉียบพลันในผู้ป่วยนอก ระดับ รพ.สต. (AD - PCU),2565,provider,ok,15,
2103caa0f068d4575720600d78d5ad65,ร้อยละการใช้ยาปฏิชีวนะในโรคอุจจาระร่วงเฉียบพลันในผู้ป่วยนอก ระดับ รพ.สต. (AD - PCU),2566,provider,ok,15,
2103caa0f068d4575720600d78d5ad65,ร้อยละการใช้ยาปฏิชีวนะในโรคอุจจาระร่วงเฉียบพลันในผู้ป่วยนอก ระดับ รพ.สต. (AD - PCU),2567,provider,ok,15,
2103caa0f068d4575720600d78d5ad65,ร้อยละการใช้ยาปฏิชีวนะในโรคอุจจาระร่วงเฉียบพลันในผู้ป่วยนอก ระดับ รพ.สต. (AD - PCU),2568,provider,ok,15,
2103caa0f068d4575720600d78d5ad65,ร้อยละการใช้ยาปฏิชีวนะในโรคอุจจาระร่วงเฉียบพลันในผู้ป่วยนอก ระดับ รพ.สต. (AD - PCU),2569,provider,ok,15,
3328a9e3fe40877c45860265035e2412,ร้อยละของรพ.สต.ที่มีอัตราการใช้ยาปฏิชีวนะในโรค Respiratory Infection และ Acute Diarrhea <= ร้อยละ20 ทั้ง 2 โรค (RUA PCU),2565,provider,ok,19,
3328a9e3fe40877c45860265035e2412,ร้อยละของรพ.สต.ที่มีอัตราการใช้ยาปฏิชีวนะในโรค Respiratory Infection และ Acute Diarrhea <= ร้อยละ20 ทั้ง 2 โรค (RUA PCU),2566,provider,ok,19,
3328a9e3fe40877c45860265035e2412,ร้อยละของรพ.สต.ที่มีอัตราการใช้ยาปฏิชีวนะในโรค Respiratory Infection และ Acute Diarrhea <= ร้อยละ20 ทั้ง 2 โรค (RUA PCU),2567,provider,ok,19,
3328a9e3fe40877c45860265035e2412,ร้อยละของรพ.สต.ที่มีอัตราการใช้ยาปฏิชีวนะในโรค Respiratory Infection และ Acute Diarrhea <= ร้อยละ20 ทั้ง 2 โรค (RUA PCU),2568,provider,ok,19,
3328a9e3fe40877c45860265035e2412,ร้อยละของรพ.สต.ที่มีอัตราการใช้ยาปฏิชีวนะในโรค Respiratory Infection และ Acute Diarrhea <= ร้อยละ20 ทั้ง 2 โรค (RUA PCU),2569,provider,ok,19,
ecb7af2dc881088d964f827317a563f4,ค่า Defined Daily Dose (DDD) ของยาปฏิชีวนะชนิดรับประทานต่อ 1000 OP Visit แยกตามชื่อสามัญทางยา (Generic name),2565,provider,error,0,502 Cannot read properties of undefined (reading 'query')
ecb7af2dc881088d964f827317a563f4,ค่า Defined Daily Dose (DDD) ของยาปฏิชีวนะชนิดรับประทานต่อ 1000 OP Visit แยกตามชื่อสามัญทางยา (Generic name),2566,provider,error,0,502 Cannot read properties of undefined (reading 'query')
ecb7af2dc881088d964f827317a563f4,ค่า Defined Daily Dose (DDD) ของยาปฏิชีวนะชนิดรับประทานต่อ 1000 OP Visit แยกตามชื่อสามัญทางยา (Generic name),2567,provider,error,0,502 Cannot read properties of undefined (reading 'query')
ecb7af2dc881088d964f827317a563f4,ค่า Defined Daily Dose (DDD) ของยาปฏิชีวนะชนิดรับประทานต่อ 1000 OP Visit แยกตามชื่อสามัญทางยา (Generic name),2568,provider,error,0,502 Cannot read properties of undefined (reading 'query')
ecb7af2dc881088d964f827317a563f4,ค่า Defined Daily Dose (DDD) ของยาปฏิชีวนะชนิดรับประทานต่อ 1000 OP Visit แยกตามชื่อสามัญทางยา (Generic name),2569,provider,error,0,502 Cannot read properties of undefined (reading 'query')
63c6046a389a3cd9c69a432cf0ae783b,ค่า Defined Daily Dose (DDD) ของยาปฏิชีวนะชนิดรับประทานต่อ 1000 OP Visit แยกตามกลุ่มยา (Class),2565,provider,error,0,502 Cannot read properties of undefined (reading 'query')
63c6046a389a3cd9c69a432cf0ae783b,ค่า Defined Daily Dose (DDD) ของยาปฏิชีวนะชนิดรับประทานต่อ 1000 OP Visit แยกตามกลุ่มยา (Class),2566,provider,error,0,502 Cannot read properties of undefined (reading 'query')
63c6046a389a3cd9c69a432cf0ae783b,ค่า Defined Daily Dose (DDD) ของยาปฏิชีวนะชนิดรับประทานต่อ 1000 OP Visit แยกตามกลุ่มยา (Class),2567,provider,error,0,502 Cannot read properties of undefined (reading 'query')
63c6046a389a3cd9c69a432cf0ae783b,ค่า Defined Daily Dose (DDD) ของยาปฏิชีวนะชนิดรับประทานต่อ 1000 OP Visit แยกตามกลุ่มยา (Class),2568,provider,error,0,502 Cannot read properties of undefined (reading 'query')
63c6046a389a3cd9c69a432cf0ae783b,ค่า Defined Daily Dose (DDD) ของยาปฏิชีวนะชนิดรับประทานต่อ 1000 OP Visit แยกตามกลุ่มยา (Class),2569,provider,error,0,502 Cannot read properties of undefined (reading 'query')
d8703771dee4e2f956ca7ba53abaae61,ค่า Defined Daily Dose (DDD) รวมของยาปฏิชีวนะชนิดรับประทานทุกรายการต่อ 1000 OP Visit,2565,provider,ok,39,
d8703771dee4e2f956ca7ba53abaae61,ค่า Defined Daily Dose (DDD) รวมของยาปฏิชีวนะชนิดรับประทานทุกรายการต่อ 1000 OP Visit,2566,provider,ok,39,
d8703771dee4e2f956ca7ba53abaae61,ค่า Defined Daily Dose (DDD) รวมของยาปฏิชีวนะชนิดรับประทานทุกรายการต่อ 1000 OP Visit,2567,provider,ok,39,
d8703771dee4e2f956ca7ba53abaae61,ค่า Defined Daily Dose (DDD) รวมของยาปฏิชีวนะชนิดรับประทานทุกรายการต่อ 1000 OP Visit,2568,provider,ok,39,
d8703771dee4e2f956ca7ba53abaae61,ค่า Defined Daily Dose (DDD) รวมของยาปฏิชีวนะชนิดรับประทานทุกรายการต่อ 1000 OP Visit,2569,provider,ok,39,
343b3670ccb93a18bcc1951a41d239f5,ค่า Defined Daily Dose (DDD) ของยาปฏิชีวนะชนิดฉีดที่ใช้ในผู้ป่วยที่รับไว้รักษาในโรงพยาบาล (Admit) ต่อ 100 วันนอน แยกตามชื่อสามัญทางยา (Generic name),2565,zone,error,0,500 
343b3670ccb93a18bcc1951a41d239f5,ค่า Defined Daily Dose (DDD) ของยาปฏิชีวนะชนิดฉีดที่ใช้ในผู้ป่วยที่รับไว้รักษาในโรงพยาบาล (Admit) ต่อ 100 วันนอน แยกตามชื่อสามัญทางยา (Generic name),2566,zone,error,0,500 
343b3670ccb93a18bcc1951a41d239f5,ค่า Defined Daily Dose (DDD) ของยาปฏิชีวนะชนิดฉีดที่ใช้ในผู้ป่วยที่รับไว้รักษาในโรงพยาบาล (Admit) ต่อ 100 วันนอน แยกตามชื่อสามัญทางยา (Generic name),2567,zone,error,0,500 
343b3670ccb93a18bcc1951a41d239f5,ค่า Defined Daily Dose (DDD) ของยาปฏิชีวนะชนิดฉีดที่ใช้ในผู้ป่วยที่รับไว้รักษาในโรงพยาบาล (Admit) ต่อ 100 วันนอน แยกตามชื่อสามัญทางยา (Generic name),2568,zone,error,0,500 
343b3670ccb93a18bcc1951a41d239f5,ค่า Defined Daily Dose (DDD) ของยาปฏิชีวนะชนิดฉีดที่ใช้ในผู้ป่วยที่รับไว้รักษาในโรงพยาบาล (Admit) ต่อ 100 วันนอน แยกตามชื่อสามัญทางยา (Generic name),2569,zone,error,0,500 
d58534279f78467bea5e48ae9cbd28ef,ค่า Defined Daily Dose (DDD) ของยาปฏิชีวนะชนิดฉีดที่ใช้ในผู้ป่วยที่รับไว้รักษาในโรงพยาบาล (Admit) ต่อ 100 วันนอน แยกตามกลุ่มยา (Class),2565,provider,error,0,502 Cannot read properties of undefined (reading 'query')
d58534279f78467bea5e48ae9cbd28ef,ค่า Defined Daily Dose (DDD) ของยาปฏิชีวนะชนิดฉีดที่ใช้ในผู้ป่วยที่รับไว้รักษาในโรงพยาบาล (Admit) ต่อ 100 วันนอน แยกตามกลุ่มยา (Class),2566,provider,error,0,502 Cannot read properties of undefined (reading 'query')
d58534279f78467bea5e48ae9cbd28ef,ค่า Defined Daily Dose (DDD) ของยาปฏิชีวนะชนิดฉีดที่ใช้ในผู้ป่วยที่รับไว้รักษาในโรงพยาบาล (Admit) ต่อ 100 วันนอน แยกตามกลุ่มยา (Class),2567,provider,error,0,502 Cannot read properties of undefined (reading 'query')
d58534279f78467bea5e48ae9cbd28ef,ค่า Defined Daily Dose (DDD) ของยาปฏิชีวนะชนิดฉีดที่ใช้ในผู้ป่วยที่รับไว้รักษาในโรงพยาบาล (Admit) ต่อ 100 วันนอน แยกตามกลุ่มยา (Class),2568,provider,error,0,502 Cannot read properties of undefined (reading 'query')
d58534279f78467bea5e48ae9cbd28ef,ค่า Defined Daily Dose (DDD) ของยาปฏิชีวนะชนิดฉีดที่ใช้ในผู้ป่วยที่รับไว้รักษาในโรงพยาบาล (Admit) ต่อ 100 วันนอน แยกตามกลุ่มยา (Class),2569,provider,error,0,502 Cannot read properties of undefined (reading 'query')
36908f9f21f62f1acef7b2ea9fdefa5f,ค่า Defined Daily Dose (DDD) รวมของยาปฏิชีวนะชนิดฉีดทุกรายการที่ใช้ในผู้ป่วยที่รับไว้รักษาในโรงพยาบาล (Admit) ต่อ 100 วันนอน,2565,provider,ok,39,
36908f9f21f62f1acef7b2ea9fdefa5f,ค่า Defined Daily Dose (DDD) รวมของยาปฏิชีวนะชนิดฉีดทุกรายการที่ใช้ในผู้ป่วยที่รับไว้รักษาในโรงพยาบาล (Admit) ต่อ 100 วันนอน,2566,provider,ok,39,
36908f9f21f62f1acef7b2ea9fdefa5f,ค่า Defined Daily Dose (DDD) รวมของยาปฏิชีวนะชนิดฉีดทุกรายการที่ใช้ในผู้ป่วยที่รับไว้รักษาในโรงพยาบาล (Admit) ต่อ 100 วันนอน,2567,provider,ok,39,
36908f9f21f62f1acef7b2ea9fdefa5f,ค่า Defined Daily Dose (DDD) รวมของยาปฏิชีวนะชนิดฉีดทุกรายการที่ใช้ในผู้ป่วยที่รับไว้รักษาในโรงพยาบาล (Admit) ต่อ 100 วันนอน,2568,provider,ok,39,
36908f9f21f62f1acef7b2ea9fdefa5f,ค่า Defined Daily Dose (DDD) รวมของยาปฏิชีวนะชนิดฉีดทุกรายการที่ใช้ในผู้ป่วยที่รับไว้รักษาในโรงพยาบาล (Admit) ต่อ 100 วันนอน,2569,provider,ok,39,
28e3ca2ae78a73a2b3d37a7d16f02d7d,ร้อยละการบรรเทาอาการปวดและจัดการอาการต่างๆด้วย Strong Opioid ในผู้ป่วยประคับประคองอย่างมีคุณภาพ,2565,provider,ok,51,
28e3ca2ae78a73a2b3d37a7d16f02d7d,ร้อยละการบรรเทาอาการปวดและจัดการอาการต่างๆด้วย Strong Opioid ในผู้ป่วยประคับประคองอย่างมีคุณภาพ,2566,provider,ok,51,
28e3ca2ae78a73a2b3d37a7d16f02d7d,ร้อยละการบรรเทาอาการปวดและจัดการอาการต่างๆด้วย Strong Opioid ในผู้ป่วยประคับประคองอย่างมีคุณภาพ,2567,provider,ok,51,
28e3ca2ae78a73a2b3d37a7d16f02d7d,ร้อยละการบรรเทาอาการปวดและจัดการอาการต่างๆด้วย Strong Opioid ในผู้ป่วยประคับประคองอย่างมีคุณภาพ,2568,provider,ok,51,
28e3ca2ae78a73a2b3d37a7d16f02d7d,ร้อยละการบรรเทาอาการปวดและจัดการอาการต่างๆด้วย Strong Opioid ในผู้ป่วยประคับประคองอย่างมีคุณภาพ,2569,provider,ok,51,
9cf44cb8bfb8c2a9f78846705758cf47,ร้อยละการบรรเทาอาการปวดและจัดการอาการต่างๆด้วย Strong Opioid ในผู้ป่วยประคับประคอง และได้รับการเยี่ยมบ้าน,2565,provider,ok,51,
9cf44cb8bfb8c2a9f78846705758cf47,ร้อยละการบรรเทาอาการปวดและจัดการอาการต่างๆด้วย Strong Opioid ในผู้ป่วยประคับประคอง และได้รับการเยี่ยมบ้าน,2566,provider,ok,51,
9cf44cb8bfb8c2a9f78846705758cf47,ร้อยละการบรรเทาอาการปวดและจัดการอาการต่างๆด้วย Strong Opioid ในผู้ป่วยประคับประคอง และได้รับการเยี่ยมบ้าน,2567,provider,ok,51,
9cf44cb8bfb8c2a9f78846705758cf47,ร้อยละการบรรเทาอาการปวดและจัดการอาการต่างๆด้วย Strong Opioid ในผู้ป่วยประคับประคอง และได้รับการเยี่ยมบ้าน,2568,provider,ok,51,
9cf44cb8bfb8c2a9f78846705758cf47,ร้อยละการบรรเทาอาการปวดและจัดการอาการต่างๆด้วย Strong Opioid ในผู้ป่วยประคับประคอง และได้รับการเยี่ยมบ้าน,2569,provider,ok,51,
203af802132eb248d8bf1dac725113bf,ร้อยละการบรรเทาอาการปวดและจัดการอาการต่างๆด้วย Strong Opioid ในผู้ป่วยประคับประคองอย่างมีคุณภาพในโรงพยาบาล(Work Load),2565,provider,ok,69,
203af802132eb248d8bf1dac725113bf,ร้อยละการบรรเทาอาการปวดและจัดการอาการต่างๆด้วย Strong Opioid ในผู้ป่วยประคับประคองอย่างมีคุณภาพในโรงพยาบาล(Work Load),2566,provider,ok,69,
203af802132eb248d8bf1dac725113bf,ร้อยละการบรรเทาอาการปวดและจัดการอาการต่างๆด้วย Strong Opioid ในผู้ป่วยประคับประคองอย่างมีคุณภาพในโรงพยาบาล(Work Load),2567,provider,ok,69,
203af802132eb248d8bf1dac725113bf,ร้อยละการบรรเทาอาการปวดและจัดการอาการต่างๆด้วย Strong Opioid ในผู้ป่วยประคับประคองอย่างมีคุณภาพในโรงพยาบาล(Work Load),2568,provider,ok,69,
203af802132eb248d8bf1dac725113bf,ร้อยละการบรรเทาอาการปวดและจัดการอาการต่างๆด้วย Strong Opioid ในผู้ป่วยประคับประคองอย่างมีคุณภาพในโรงพยาบาล(Work Load),2569,provider,ok,69,
a67ee74a4c0ff3c775b591be4ec80086,ร้อยละการดูแลผู้ป่วยระยะท้ายแบบประคับประคอง มีกิจกรรม Family Meeting และมีการทำ Advance Care Planning (ACP) ร่วมกับผู้ป่วยและครอบครัว,2565,provider,ok,3,
a67ee74a4c0ff3c775b591be4ec80086,ร้อยละการดูแลผู้ป่วยระยะท้ายแบบประคับประคอง มีกิจกรรม Family Meeting และมีการทำ Advance Care Planning (ACP) ร่วมกับผู้ป่วยและครอบครัว,2566,provider,ok,3,
a67ee74a4c0ff3c775b591be4ec80086,ร้อยละการดูแลผู้ป่วยระยะท้ายแบบประคับประคอง มีกิจกรรม Family Meeting และมีการทำ Advance Care Planning (ACP) ร่วมกับผู้ป่วยและครอบครัว,2567,provider,ok,3,
a67ee74a4c0ff3c775b591be4ec80086,ร้อยละการดูแลผู้ป่วยระยะท้ายแบบประคับประคอง มีกิจกรรม Family Meeting และมีการทำ Advance Care Planning (ACP) ร่วมกับผู้ป่วยและครอบครัว,2568,provider,ok,3,
a67ee74a4c0ff3c775b591be4ec80086,ร้อยละการดูแลผู้ป่วยระยะท้ายแบบประคับประคอง มีกิจกรรม Family Meeting และมีการทำ Advance Care Planning (ACP) ร่วมกับผู้ป่วยและครอบครัว,2569,provider,ok,3,
8eb4ec8a40c080aadfdbb895be74e771,ร้อยละของผู้ป่วยประคับประคองที่ได้รับการดูแลต่อเนื่องที่บ้าน,2565,provider,ok,51,
8eb4ec8a40c080aadfdbb895be74e771,ร้อยละของผู้ป่วยประคับประคองที่ได้รับการดูแลต่อเนื่องที่บ้าน,2566,provider,ok,51,
8eb4ec8a40c080aadfdbb895be74e771,ร้อยละของผู้ป่วยประคับประคองที่ได้รับการดูแลต่อเนื่องที่บ้าน,2567,provider,ok,51,
8eb4ec8a40c080aadfdbb895be74e771,ร้อยละของผู้ป่วยประคับประคองที่ได้รับการดูแลต่อเนื่องที่บ้าน,2568,provider,ok,51,
8eb4ec8a40c080aadfdbb895be74e771,ร้อยละของผู้ป่วยประคับประคองที่ได้รับการดูแลต่อเนื่องที่บ้าน,2569,provider,ok,51,
d2ad3dd7b3696ffd557fb93d7ac2822b,การให้ความรู้เกี่ยวกับโทษพิษภัย ยาเสพติด การป้องกันการติดเชื้อ เอชไอวี โรคติดต่อทางเพศสัมพันธ์  วัณโรคและไวรัสตับอักเสบบีและซี,2565,provider,ok,10,
d2ad3dd7b3696ffd557fb93d7ac2822b,การให้ความรู้เกี่ยวกับโทษพิษภัย ยาเสพติด การป้องกันการติดเชื้อ เอชไอวี โรคติดต่อทางเพศสัมพันธ์  วัณโรคและไวรัสตับอักเสบบีและซี,2566,provider,ok,10,
d2ad3dd7b3696ffd557fb93d7ac2822b,การให้ความรู้เกี่ยวกับโทษพิษภัย ยาเสพติด การป้องกันการติดเชื้อ เอชไอวี โรคติดต่อทางเพศสัมพันธ์  วัณโรคและไวรัสตับอักเสบบีและซี,2567,provider,ok,10,
d2ad3dd7b3696ffd557fb93d7ac2822b,การให้ความรู้เกี่ยวกับโทษพิษภัย ยาเสพติด การป้องกันการติดเชื้อ เอชไอวี โรคติดต่อทางเพศสัมพันธ์  วัณโรคและไวรัสตับอักเสบบีและซี,2568,provider,ok,10,
d2ad3dd7b3696ffd557fb93d7ac2822b,การให้ความรู้เกี่ยวกับโทษพิษภัย ยาเสพติด การป้องกันการติดเชื้อ เอชไอวี โรคติดต่อทางเพศสัมพันธ์  วัณโรคและไวรัสตับอักเสบบีและซี,2569,provider,ok,10,
f34aee531520139d61763862b5f57744,การบำบัดรักษายาเสพติดโดยใช้สารทดแทนระยะยาว MMT/การจัดให้มีบริการป้องกันและดูแลรักษาอาการจากการใช้ยาเสพติดเกินขนาดในพื้นที่ เช่น การให้บริการ Naloxone,2565,provider,ok,10,
f34aee531520139d61763862b5f57744,การบำบัดรักษายาเสพติดโดยใช้สารทดแทนระยะยาว MMT/การจัดให้มีบริการป้องกันและดูแลรักษาอาการจากการใช้ยาเสพติดเกินขนาดในพื้นที่ เช่น การให้บริการ Naloxone,2566,provider,ok,10,
f34aee531520139d61763862b5f57744,การบำบัดรักษายาเสพติดโดยใช้สารทดแทนระยะยาว MMT/การจัดให้มีบริการป้องกันและดูแลรักษาอาการจากการใช้ยาเสพติดเกินขนาดในพื้นที่ เช่น การให้บริการ Naloxone,2567,provider,ok,10,
f34aee531520139d61763862b5f57744,การบำบัดรักษายาเสพติดโดยใช้สารทดแทนระยะยาว MMT/การจัดให้มีบริการป้องกันและดูแลรักษาอาการจากการใช้ยาเสพติดเกินขนาดในพื้นที่ เช่น การให้บริการ Naloxone,2568,provider,ok,10,
f34aee531520139d61763862b5f57744,การบำบัดรักษายาเสพติดโดยใช้สารทดแทนระยะยาว MMT/การจัดให้มีบริการป้องกันและดูแลรักษาอาการจากการใช้ยาเสพติดเกินขนาดในพื้นที่ เช่น การให้บริการ Naloxone,2569,provider,ok,10,
ad41cbaddb1556e87f6e2d1d5ddb5f10,การให้คำปรึกษา และ/หรือ ตรวจการติดเชื้อเอชไอวีโดยสมัครใจ และ/หรือ ส่งต่อเข้ารับบริการดูแลรักษาด้วยยาต้านไวรัส,2565,provider,ok,20,
ad41cbaddb1556e87f6e2d1d5ddb5f10,การให้คำปรึกษา และ/หรือ ตรวจการติดเชื้อเอชไอวีโดยสมัครใจ และ/หรือ ส่งต่อเข้ารับบริการดูแลรักษาด้วยยาต้านไวรัส,2566,provider,ok,20,
ad41cbaddb1556e87f6e2d1d5ddb5f10,การให้คำปรึกษา และ/หรือ ตรวจการติดเชื้อเอชไอวีโดยสมัครใจ และ/หรือ ส่งต่อเข้ารับบริการดูแลรักษาด้วยยาต้านไวรัส,2567,provider,ok,20,
ad41cbaddb1556e87f6e2d1d5ddb5f10,การให้คำปรึกษา และ/หรือ ตรวจการติดเชื้อเอชไอวีโดยสมัครใจ และ/หรือ ส่งต่อเข้ารับบริการดูแลรักษาด้วยยาต้านไวรัส,2568,provider,ok,20,
ad41cbaddb1556e87f6e2d1d5ddb5f10,การให้คำปรึกษา และ/หรือ ตรวจการติดเชื้อเอชไอวีโดยสมัครใจ และ/หรือ ส่งต่อเข้ารับบริการดูแลรักษาด้วยยาต้านไวรัส,2569,provider,ok,20,
518133f4702c4e98d93f5b0f985d36dd,การให้คำปรึกษา ตรวจหา และส่งต่อเข้ารับบริการดูแลรักษาการติดเชื้อไวรัสตับอักเสบบีและซี,2565,provider,ok,20,
518133f4702c4e98d93f5b0f985d36dd,การให้คำปรึกษา ตรวจหา และส่งต่อเข้ารับบริการดูแลรักษาการติดเชื้อไวรัสตับอักเสบบีและซี,2566,provider,ok,20,
518133f4702c4e98d93f5b0f985d36dd,การให้คำปรึกษา ตรวจหา และส่งต่อเข้ารับบริการดูแลรักษาการติดเชื้อไวรัสตับอักเสบบีและซี,2567,provider,ok,20,
518133f4702c4e98d93f5b0f985d36dd,การให้คำปรึกษา ตรวจหา และส่งต่อเข้ารับบริการดูแลรักษาการติดเชื้อไวรัสตับอักเสบบีและซี,2568,provider,ok,20,
518133f4702c4e98d93f5b0f985d36dd,การให้คำปรึกษา ตรวจหา และส่งต่อเข้ารับบริการดูแลรักษาการติดเชื้อไวรัสตับอักเสบบีและซี,2569,provider,ok,20,
0e76b27fb709311b89a0d4830986d0f4,การสนับสนุนให้ใช้ถุงยางอนามัย อย่างถูกวิธี,2565,provider,ok,10,
0e76b27fb709311b89a0d4830986d0f4,การสนับสนุนให้ใช้ถุงยางอนามัย อย่างถูกวิธี,2566,provider,ok,10,
0e76b27fb709311b89a0d4830986d0f4,การสนับสนุนให้ใช้ถุงยางอนามัย อย่างถูกวิธี,2567,provider,ok,10,
0e76b27fb709311b89a0d4830986d0f4,การสนับสนุนให้ใช้ถุงยางอนามัย อย่างถูกวิธี,2568,provider,ok,10,
0e76b27fb709311b89a0d4830986d0f4,การสนับสนุนให้ใช้ถุงยางอนามัย อย่างถูกวิธี,2569,provider,ok,10,
9de484913d38566668e6980a8787da3d,การคัดกรอง ตรวจวินิจฉัย และ/หรือ รักษาโรคติดต่อทางเพศสัมพันธ์,2565,provider,ok,10,
9de484913d38566668e6980a8787da3d,การคัดกรอง ตรวจวินิจฉัย และ/หรือ รักษาโรคติดต่อทางเพศสัมพันธ์,2566,provider,ok,10,
9de484913d38566668e6980a8787da3d,การคัดกรอง ตรวจวินิจฉัย และ/หรือ รักษาโรคติดต่อทางเพศสัมพันธ์,2567,provider,ok,10,
9de484913d38566668e6980a8787da3d,การคัดกรอง ตรวจวินิจฉัย และ/หรือ รักษาโรคติดต่อทางเพศสัมพันธ์,2568,provider,ok,10,
9de484913d38566668e6980a8787da3d,การคัดกรอง ตรวจวินิจฉัย และ/หรือ รักษาโรคติดต่อทางเพศสัมพันธ์,2569,provider,ok,10,
996e393560567088a0d3c2c360a11d1e,การคัดกรอง ตรวจวินิจฉัย และรักษาวัณโรค,2565,provider,ok,20,
996e393560567088a0d3c2c360a11d1e,การคัดกรอง ตรวจวินิจฉัย และรักษาวัณโรค,2566,provider,ok,20,
996e393560567088a0d3c2c360a11d1e,การคัดกรอง ตรวจวินิจฉัย และรักษาวัณโรค,2567,provider,ok,20,
996e393560567088a0d3c2c360a11d1e,การคัดกรอง ตรวจวินิจฉัย และรักษาวัณโรค,2568,provider,ok,20,
996e393560567088a0d3c2c360a11d1e,การคัดกรอง ตรวจวินิจฉัย และรักษาวัณโรค,2569,provider,ok,20,
53d658f4782c9d559e92b7e8af0b1ff8,การคัดกรอง ตรวจวินิจฉัย และ/หรือ รักษาโรคทางจิตเวช,2565,provider,ok,20,
53d658f4782c9d559e92b7e8af0b1ff8,การคัดกรอง ตรวจวินิจฉัย และ/หรือ รักษาโรคทางจิตเวช,2566,provider,ok,20,
53d658f4782c9d559e92b7e8af0b1ff8,การคัดกรอง ตรวจวินิจฉัย และ/หรือ รักษาโรคทางจิตเวช,2567,provider,ok,20,
53d658f4782c9d559e92b7e8af0b1ff8,การคัดกรอง ตรวจวินิจฉัย และ/หรือ รักษาโรคทางจิตเวช,2568,provider,ok,20,
53d658f4782c9d559e92b7e8af0b1ff8,การคัดกรอง ตรวจวินิจฉัย และ/หรือ รักษาโรคทางจิตเวช,2569,provider,ok,20,
bb76fda7ca38c8a542bfd9ab99d2ccd7,การเข้าถึงบริการและการได้รับความรู้ ความเข้าใจอันตรายที่เกิดจากยาเสพติด เพื่อลดอันตรายในกลุ่มผู้ใช้ยาเสพติด จำแนกกลุ่มหลักรอง,2565,provider,ok,6,
bb76fda7ca38c8a542bfd9ab99d2ccd7,การเข้าถึงบริการและการได้รับความรู้ ความเข้าใจอันตรายที่เกิดจากยาเสพติด เพื่อลดอันตรายในกลุ่มผู้ใช้ยาเสพติด จำแนกกลุ่มหลักรอง,2566,provider,ok,6,
bb76fda7ca38c8a542bfd9ab99d2ccd7,การเข้าถึงบริการและการได้รับความรู้ ความเข้าใจอันตรายที่เกิดจากยาเสพติด เพื่อลดอันตรายในกลุ่มผู้ใช้ยาเสพติด จำแนกกลุ่มหลักรอง,2567,provider,ok,6,
bb76fda7ca38c8a542bfd9ab99d2ccd7,การเข้าถึงบริการและการได้รับความรู้ ความเข้าใจอันตรายที่เกิดจากยาเสพติด เพื่อลดอันตรายในกลุ่มผู้ใช้ยาเสพติด จำแนกกลุ่มหลักรอง,2568,provider,ok,6,
bb76fda7ca38c8a542bfd9ab99d2ccd7,การเข้าถึงบริการและการได้รับความรู้ ความเข้าใจอันตรายที่เกิดจากยาเสพติด เพื่อลดอันตรายในกลุ่มผู้ใช้ยาเสพติด จำแนกกลุ่มหลักรอง,2569,provider,ok,6,
7f723739a6efd1f4532ec620ca386a72,การได้รับบริการด้านการลดอันตรายจากยาเสพติด  จำแนกตามกลุ่มหลักรอง,2565,provider,ok,14,
7f723739a6efd1f4532ec620ca386a72,การได้รับบริการด้านการลดอันตรายจากยาเสพติด  จำแนกตามกลุ่มหลักรอง,2566,provider,ok,14,
7f723739a6efd1f4532ec620ca386a72,การได้รับบริการด้านการลดอันตรายจากยาเสพติด  จำแนกตามกลุ่มหลักรอง,2567,provider,ok,14,
7f723739a6efd1f4532ec620ca386a72,การได้รับบริการด้านการลดอันตรายจากยาเสพติด  จำแนกตามกลุ่มหลักรอง,2568,provider,ok,14,
7f723739a6efd1f4532ec620ca386a72,การได้รับบริการด้านการลดอันตรายจากยาเสพติด  จำแนกตามกลุ่มหลักรอง,2569,provider,ok,14,
00366a85bd3c2b6932a228df29137252,อัตราตายผู้ป่วยติดเชื้อในกระแสเลือดแบบรุนแรงชนิด community-acquired,2565,provider,ok,30,
00366a85bd3c2b6932a228df29137252,อัตราตายผู้ป่วยติดเชื้อในกระแสเลือดแบบรุนแรงชนิด community-acquired,2566,provider,ok,30,
00366a85bd3c2b6932a228df29137252,อัตราตายผู้ป่วยติดเชื้อในกระแสเลือดแบบรุนแรงชนิด community-acquired,2567,provider,ok,30,
00366a85bd3c2b6932a228df29137252,อัตราตายผู้ป่วยติดเชื้อในกระแสเลือดแบบรุนแรงชนิด community-acquired,2568,provider,ok,30,
00366a85bd3c2b6932a228df29137252,อัตราตายผู้ป่วยติดเชื้อในกระแสเลือดแบบรุนแรงชนิด community-acquired,2569,provider,ok,30,
e131624eb3e5ed3f522262e055df1b2c,อัตราตายผู้ป่วยติดเชื้อในกระแสเลือดแบบรุนแรงชนิด hospital-acquired,2565,provider,ok,30,
e131624eb3e5ed3f522262e055df1b2c,อัตราตายผู้ป่วยติดเชื้อในกระแสเลือดแบบรุนแรงชนิด hospital-acquired,2566,provider,ok,30,
e131624eb3e5ed3f522262e055df1b2c,อัตราตายผู้ป่วยติดเชื้อในกระแสเลือดแบบรุนแรงชนิด hospital-acquired,2567,provider,ok,30,
e131624eb3e5ed3f522262e055df1b2c,อัตราตายผู้ป่วยติดเชื้อในกระแสเลือดแบบรุนแรงชนิด hospital-acquired,2568,provider,ok,30,
e131624eb3e5ed3f522262e055df1b2c,อัตราตายผู้ป่วยติดเชื้อในกระแสเลือดแบบรุนแรงชนิด hospital-acquired,2569,provider,ok,30,
c335e748195ac0f508168cde7ae50edd,อัตราตายผู้ป่วยติดเชื้อในกระแสเลือดแบบรุนแรงชนิด community-acquired (รวม A40.0-A41.9),2565,provider,ok,30,
c335e748195ac0f508168cde7ae50edd,อัตราตายผู้ป่วยติดเชื้อในกระแสเลือดแบบรุนแรงชนิด community-acquired (รวม A40.0-A41.9),2566,provider,ok,30,
c335e748195ac0f508168cde7ae50edd,อัตราตายผู้ป่วยติดเชื้อในกระแสเลือดแบบรุนแรงชนิด community-acquired (รวม A40.0-A41.9),2567,provider,ok,30,
c335e748195ac0f508168cde7ae50edd,อัตราตายผู้ป่วยติดเชื้อในกระแสเลือดแบบรุนแรงชนิด community-acquired (รวม A40.0-A41.9),2568,provider,ok,30,
c335e748195ac0f508168cde7ae50edd,อัตราตายผู้ป่วยติดเชื้อในกระแสเลือดแบบรุนแรงชนิด community-acquired (รวม A40.0-A41.9),2569,provider,ok,30,
ef46e61fb2a5c37e7b13d703b2109383,อัตราตายผู้ป่วยติดเชื้อในกระแสเลือดแบบรุนแรงชนิด hospital-acquired(รวม A40.0-A41.9),2565,provider,ok,30,
ef46e61fb2a5c37e7b13d703b2109383,อัตราตายผู้ป่วยติดเชื้อในกระแสเลือดแบบรุนแรงชนิด hospital-acquired(รวม A40.0-A41.9),2566,provider,ok,30,
ef46e61fb2a5c37e7b13d703b2109383,อัตราตายผู้ป่วยติดเชื้อในกระแสเลือดแบบรุนแรงชนิด hospital-acquired(รวม A40.0-A41.9),2567,provider,ok,30,
ef46e61fb2a5c37e7b13d703b2109383,อัตราตายผู้ป่วยติดเชื้อในกระแสเลือดแบบรุนแรงชนิด hospital-acquired(รวม A40.0-A41.9),2568,provider,ok,30,
ef46e61fb2a5c37e7b13d703b2109383,อัตราตายผู้ป่วยติดเชื้อในกระแสเลือดแบบรุนแรงชนิด hospital-acquired(รวม A40.0-A41.9),2569,provider,ok,30,
8s4ilkkui4pc5hzp1pql4,ร้อยละของผู้ป่วยไวรัสตับอักเสบบีได้รับการรักษา,2565,provider,error,0,500 
8s4ilkkui4pc5hzp1pql4,ร้อยละของผู้ป่วยไวรัสตับอักเสบบีได้รับการรักษา,2566,provider,error,0,500 
8s4ilkkui4pc5hzp1pql4,ร้อยละของผู้ป่วยไวรัสตับอักเสบบีได้รับการรักษา,2567,provider,error,0,500 
8s4ilkkui4pc5hzp1pql4,ร้อยละของผู้ป่วยไวรัสตับอักเสบบีได้รับการรักษา,2568,provider,error,0,502 Cannot read properties of undefined (reading 'query')
8s4ilkkui4pc5hzp1pql4,ร้อยละของผู้ป่วยไวรัสตับอักเสบบีได้รับการรักษา,2569,provider,error,0,502 Cannot read properties of undefined (reading 'query')
6677dd630bb98586dda5c30240540bbe,ร้อยละของการดูแลรักษาผู้ป่วยที่มีกระดูกหักไม่ซับซ้อนในโรงพยาบาลระดับ M2 ลงไป,2565,provider,ok,15,
6677dd630bb98586dda5c30240540bbe,ร้อยละของการดูแลรักษาผู้ป่วยที่มีกระดูกหักไม่ซับซ้อนในโรงพยาบาลระดับ M2 ลงไป,2566,provider,ok,15,
6677dd630bb98586dda5c30240540bbe,ร้อยละของการดูแลรักษาผู้ป่วยที่มีกระดูกหักไม่ซับซ้อนในโรงพยาบาลระดับ M2 ลงไป,2567,provider,ok,15,
6677dd630bb98586dda5c30240540bbe,ร้อยละของการดูแลรักษาผู้ป่วยที่มีกระดูกหักไม่ซับซ้อนในโรงพยาบาลระดับ M2 ลงไป,2568,provider,ok,15,
6677dd630bb98586dda5c30240540bbe,ร้อยละของการดูแลรักษาผู้ป่วยที่มีกระดูกหักไม่ซับซ้อนในโรงพยาบาลระดับ M2 ลงไป,2569,provider,ok,15,
da16d469ee44ab4ffb28d581353e4ffd,การส่งต่อผู้ป่วย สาขาออโธปิดิกส์ จากรพช.แม่ข่าย (M2)Refer out ไป รพศ. /รพท. ลดลง,2565,provider,ok,4,
da16d469ee44ab4ffb28d581353e4ffd,การส่งต่อผู้ป่วย สาขาออโธปิดิกส์ จากรพช.แม่ข่าย (M2)Refer out ไป รพศ. /รพท. ลดลง,2566,provider,ok,4,
da16d469ee44ab4ffb28d581353e4ffd,การส่งต่อผู้ป่วย สาขาออโธปิดิกส์ จากรพช.แม่ข่าย (M2)Refer out ไป รพศ. /รพท. ลดลง,2567,provider,ok,4,
da16d469ee44ab4ffb28d581353e4ffd,การส่งต่อผู้ป่วย สาขาออโธปิดิกส์ จากรพช.แม่ข่าย (M2)Refer out ไป รพศ. /รพท. ลดลง,2568,provider,ok,4,
da16d469ee44ab4ffb28d581353e4ffd,การส่งต่อผู้ป่วย สาขาออโธปิดิกส์ จากรพช.แม่ข่าย (M2)Refer out ไป รพศ. /รพท. ลดลง,2569,provider,ok,4,
891c209d7617c9ce7871dc69f72f2ea5,การส่งต่อผู้ป่วยออกนอกเขตสุขภาพลดลง 4 สาขา,2565,provider,ok,14,
891c209d7617c9ce7871dc69f72f2ea5,การส่งต่อผู้ป่วยออกนอกเขตสุขภาพลดลง 4 สาขา,2566,provider,ok,14,
891c209d7617c9ce7871dc69f72f2ea5,การส่งต่อผู้ป่วยออกนอกเขตสุขภาพลดลง 4 สาขา,2567,provider,ok,14,
891c209d7617c9ce7871dc69f72f2ea5,การส่งต่อผู้ป่วยออกนอกเขตสุขภาพลดลง 4 สาขา,2568,provider,ok,14,
891c209d7617c9ce7871dc69f72f2ea5,การส่งต่อผู้ป่วยออกนอกเขตสุขภาพลดลง 4 สาขา,2569,provider,ok,14,
f2e8b615b21f791361bc95a888ca486e,การส่งต่อผู้ป่วยออกนอกเขตสุขภาพลดลง 4 สาขา จำแนกรายสาขา,2565,zone,error,0,500 
f2e8b615b21f791361bc95a888ca486e,การส่งต่อผู้ป่วยออกนอกเขตสุขภาพลดลง 4 สาขา จำแนกรายสาขา,2566,zone,error,0,500 
f2e8b615b21f791361bc95a888ca486e,การส่งต่อผู้ป่วยออกนอกเขตสุขภาพลดลง 4 สาขา จำแนกรายสาขา,2567,zone,error,0,500 
f2e8b615b21f791361bc95a888ca486e,การส่งต่อผู้ป่วยออกนอกเขตสุขภาพลดลง 4 สาขา จำแนกรายสาขา,2568,zone,error,0,500 
f2e8b615b21f791361bc95a888ca486e,การส่งต่อผู้ป่วยออกนอกเขตสุขภาพลดลง 4 สาขา จำแนกรายสาขา,2569,zone,error,0,500 
1c34690d32569e7aff5b6512bac53b00,ร้อยละของจำนวนผู้ป่วยที่มีการวินิจฉัยระยะประคับประคอง (Palliative care) ที่ได้รับการรักษาด้วยยากัญชาทางการแพทย์,2565,provider,ok,36,
1c34690d32569e7aff5b6512bac53b00,ร้อยละของจำนวนผู้ป่วยที่มีการวินิจฉัยระยะประคับประคอง (Palliative care) ที่ได้รับการรักษาด้วยยากัญชาทางการแพทย์,2566,provider,ok,36,
1c34690d32569e7aff5b6512bac53b00,ร้อยละของจำนวนผู้ป่วยที่มีการวินิจฉัยระยะประคับประคอง (Palliative care) ที่ได้รับการรักษาด้วยยากัญชาทางการแพทย์,2567,provider,ok,36,
1c34690d32569e7aff5b6512bac53b00,ร้อยละของจำนวนผู้ป่วยที่มีการวินิจฉัยระยะประคับประคอง (Palliative care) ที่ได้รับการรักษาด้วยยากัญชาทางการแพทย์,2568,provider,ok,36,
1c34690d32569e7aff5b6512bac53b00,ร้อยละของจำนวนผู้ป่วยที่มีการวินิจฉัยระยะประคับประคอง (Palliative care) ที่ได้รับการรักษาด้วยยากัญชาทางการแพทย์,2569,provider,ok,36,
c9e990ad99d1d30b6bb2ea3b1428fc4e,ร้อยละของจำนวนผู้ป่วยที่มีการวินิจฉัยระยะประคับประคอง (Palliative care) ที่ได้รับการรักษาด้วยยากัญชาทางการแพทย์ Workload,2565,provider,ok,6,
c9e990ad99d1d30b6bb2ea3b1428fc4e,ร้อยละของจำนวนผู้ป่วยที่มีการวินิจฉัยระยะประคับประคอง (Palliative care) ที่ได้รับการรักษาด้วยยากัญชาทางการแพทย์ Workload,2566,provider,ok,6,
c9e990ad99d1d30b6bb2ea3b1428fc4e,ร้อยละของจำนวนผู้ป่วยที่มีการวินิจฉัยระยะประคับประคอง (Palliative care) ที่ได้รับการรักษาด้วยยากัญชาทางการแพทย์ Workload,2567,provider,ok,6,
c9e990ad99d1d30b6bb2ea3b1428fc4e,ร้อยละของจำนวนผู้ป่วยที่มีการวินิจฉัยระยะประคับประคอง (Palliative care) ที่ได้รับการรักษาด้วยยากัญชาทางการแพทย์ Workload,2568,provider,ok,6,
c9e990ad99d1d30b6bb2ea3b1428fc4e,ร้อยละของจำนวนผู้ป่วยที่มีการวินิจฉัยระยะประคับประคอง (Palliative care) ที่ได้รับการรักษาด้วยยากัญชาทางการแพทย์ Workload,2569,provider,ok,6,
049fad3d7504ff9dabe4598f0b19683a,ร้อยละของจำนวนผู้ป่วยมะเร็งที่ได้รับการรักษาด้วยยากัญชาทางการแพทย์,2565,provider,ok,51,
049fad3d7504ff9dabe4598f0b19683a,ร้อยละของจำนวนผู้ป่วยมะเร็งที่ได้รับการรักษาด้วยยากัญชาทางการแพทย์,2566,provider,ok,51,
049fad3d7504ff9dabe4598f0b19683a,ร้อยละของจำนวนผู้ป่วยมะเร็งที่ได้รับการรักษาด้วยยากัญชาทางการแพทย์,2567,provider,ok,51,
049fad3d7504ff9dabe4598f0b19683a,ร้อยละของจำนวนผู้ป่วยมะเร็งที่ได้รับการรักษาด้วยยากัญชาทางการแพทย์,2568,provider,ok,51,
049fad3d7504ff9dabe4598f0b19683a,ร้อยละของจำนวนผู้ป่วยมะเร็งที่ได้รับการรักษาด้วยยากัญชาทางการแพทย์,2569,provider,ok,51,
af55086b69a60b4f8814baf6f9501760,ผู้ป่วยทั้งหมดที่ได้รับการรักษาด้วยยากัญชาทางการแพทย์แผนปัจจุบัน,2565,provider,ok,6,
af55086b69a60b4f8814baf6f9501760,ผู้ป่วยทั้งหมดที่ได้รับการรักษาด้วยยากัญชาทางการแพทย์แผนปัจจุบัน,2566,provider,ok,6,
af55086b69a60b4f8814baf6f9501760,ผู้ป่วยทั้งหมดที่ได้รับการรักษาด้วยยากัญชาทางการแพทย์แผนปัจจุบัน,2567,provider,ok,6,
af55086b69a60b4f8814baf6f9501760,ผู้ป่วยทั้งหมดที่ได้รับการรักษาด้วยยากัญชาทางการแพทย์แผนปัจจุบัน,2568,provider,ok,6,
af55086b69a60b4f8814baf6f9501760,ผู้ป่วยทั้งหมดที่ได้รับการรักษาด้วยยากัญชาทางการแพทย์แผนปัจจุบัน,2569,provider,ok,6,
61c1e6a35fe0520dd214947166b96aa3,ร้อยละของจำนวนผู้ป่วยที่ได้รับยากัญชาทางการแพทย์แผนไทย,2565,provider,ok,6,
61c1e6a35fe0520dd214947166b96aa3,ร้อยละของจำนวนผู้ป่วยที่ได้รับยากัญชาทางการแพทย์แผนไทย,2566,provider,ok,6,
61c1e6a35fe0520dd214947166b96aa3,ร้อยละของจำนวนผู้ป่วยที่ได้รับยากัญชาทางการแพทย์แผนไทย,2567,provider,ok,6,
61c1e6a35fe0520dd214947166b96aa3,ร้อยละของจำนวนผู้ป่วยที่ได้รับยากัญชาทางการแพทย์แผนไทย,2568,provider,ok,6,
61c1e6a35fe0520dd214947166b96aa3,ร้อยละของจำนวนผู้ป่วยที่ได้รับยากัญชาทางการแพทย์แผนไทย,2569,provider,ok,6,
9c2482db02457a65737bfd2aff933f2e,ปริมาณการใช้กัญชาทางการแพทย์(แผนปัจจุบัน),2565,zone,error,0,500 
9c2482db02457a65737bfd2aff933f2e,ปริมาณการใช้กัญชาทางการแพทย์(แผนปัจจุบัน),2566,zone,error,0,500 
9c2482db02457a65737bfd2aff933f2e,ปริมาณการใช้กัญชาทางการแพทย์(แผนปัจจุบัน),2567,zone,error,0,500 
9c2482db02457a65737bfd2aff933f2e,ปริมาณการใช้กัญชาทางการแพทย์(แผนปัจจุบัน),2568,zone,error,0,500 
9c2482db02457a65737bfd2aff933f2e,ปริมาณการใช้กัญชาทางการแพทย์(แผนปัจจุบัน),2569,zone,error,0,500 
f80995ad823ea7a959acf5f72a1678ee,ปริมาณการใช้กัญชาทางการแพทย์(แผนไทย),2565,zone,error,0,500 
f80995ad823ea7a959acf5f72a1678ee,ปริมาณการใช้กัญชาทางการแพทย์(แผนไทย),2566,zone,error,0,500 
f80995ad823ea7a959acf5f72a1678ee,ปริมาณการใช้กัญชาทางการแพทย์(แผนไทย),2567,zone,error,0,500 
f80995ad823ea7a959acf5f72a1678ee,ปริมาณการใช้กัญชาทางการแพทย์(แผนไทย),2568,zone,error,0,500 
f80995ad823ea7a959acf5f72a1678ee,ปริมาณการใช้กัญชาทางการแพทย์(แผนไทย),2569,zone,error,0,500 
fcd684032c7218d76edb3317604d14ac,ผู้ป่วยทั้งหมดที่ได้รับการรักษาด้วยยากัญชาทางการแพทย์,2565,provider,ok,15,
fcd684032c7218d76edb3317604d14ac,ผู้ป่วยทั้งหมดที่ได้รับการรักษาด้วยยากัญชาทางการแพทย์,2566,provider,ok,15,
fcd684032c7218d76edb3317604d14ac,ผู้ป่วยทั้งหมดที่ได้รับการรักษาด้วยยากัญชาทางการแพทย์,2567,provider,ok,15,
fcd684032c7218d76edb3317604d14ac,ผู้ป่วยทั้งหมดที่ได้รับการรักษาด้วยยากัญชาทางการแพทย์,2568,provider,ok,15,
fcd684032c7218d76edb3317604d14ac,ผู้ป่วยทั้งหมดที่ได้รับการรักษาด้วยยากัญชาทางการแพทย์,2569,provider,ok,15,
